theta,J
10.0,0.0006220475
9.994999,0.0006305614
9.989999,0.00063937204
9.984998,0.0006481146
9.979998,0.00065640203
9.974997,0.0006649813
9.969996,0.0006734714
9.964995,0.00068147696
9.959995,0.00068976573
9.954994,0.0006979469
9.949994,0.00070561364
9.944993,0.0007135577
9.939993,0.00072137464
9.934992,0.00072906015
9.929992,0.0007366104
9.924991,0.00074401655
9.91999,0.0007508565
9.914989,0.00075796107
9.909988,0.00076490606
9.904988,0.0007716899
9.899987,0.0007783092
9.894987,0.00078476197
9.889986,0.00079103897
9.884986,0.0007971374
9.879985,0.00080305804
9.874985,0.0008087973
9.869984,0.0008143511
9.864984,0.0008197219
9.8599825,0.0008249006
9.854981,0.00082989014
9.849981,0.0008351308
9.84498,0.0008397383
9.83998,0.0008441524
9.834979,0.000848377
9.829979,0.0008524079
9.824978,0.0008562474
9.819978,0.00086033193
9.814977,0.00086378644
9.809977,0.00086705614
9.8049755,0.00087056967
9.799975,0.0008734613
9.794974,0.0008761663
9.789974,0.000878689
9.784973,0.000881462
9.779972,0.0008836242
9.774972,0.0008860389
9.769971,0.0008878498
9.764971,0.0008894894
9.75997,0.00089138624
9.75497,0.00089269236
9.749969,0.000894254
9.744968,0.00089523813
9.739967,0.0008964805
9.734967,0.00089715153
9.729966,0.0008980845
9.724966,0.00089845853
9.719965,0.000899093
9.714964,0.0008991799
9.709964,0.00089952804
9.704963,0.00089934
9.699963,0.00089941407
9.694962,0.000899354
9.689961,0.0008987711
9.68496,0.000898451
9.67996,0.00089800375
9.674959,0.0008970493
9.669959,0.0008963564
9.664958,0.0008955435
9.659958,0.00089423603
9.654957,0.0008931886
9.649957,0.00089202425
9.644956,0.00089074485
9.639955,0.0008889918
9.634954,0.0008874907
9.629953,0.0008858801
9.624953,0.0008841593
9.619952,0.00088197645
9.614952,0.00088004034
9.609951,0.0008779998
9.604951,0.0008758489
9.59995,0.0008735933
9.59495,0.0008712292
9.589949,0.00086876366
9.584949,0.00086619065
9.579947,0.00086351327
9.574947,0.00086073147
9.569946,0.0008578459
9.564945,0.0008545392
9.559945,0.00085144903
9.554944,0.0008482551
9.549944,0.0008452677
9.544943,0.00084186293
9.539943,0.00083835877
9.534942,0.0008347519
9.529942,0.0008310436
9.5249405,0.00082723284
9.51994,0.0008233234
9.514939,0.0008193157
9.509939,0.0008152084
9.504938,0.0008110013
9.499937,0.0008069736
9.494937,0.00080257107
9.489936,0.00079807424
9.484936,0.00079348317
9.479935,0.00078880176
9.474935,0.0007842887
9.4699335,0.000779422
9.464933,0.00077446934
9.459932,0.0007694326
9.454932,0.000764557
9.449931,0.0007593499
9.444931,0.00075406814
9.43993,0.00074894266
9.43493,0.0007435033
9.429929,0.00073799276
9.424928,0.00073264044
9.419928,0.00072699215
9.414927,0.0007214999
9.409926,0.00071572413
9.404925,0.0007098905
9.399925,0.0007042137
9.394924,0.00069827016
9.389924,0.00069248275
9.384923,0.0006864444
9.379923,0.00068056176
9.374922,0.00067443773
9.369921,0.0006684731
9.364921,0.0006622804
9.3599205,0.0006562462
9.354919,0.0006501799
9.349918,0.00064390467
9.344918,0.0006377883
9.339917,0.0006316518
9.334917,0.00062532834
9.329916,0.00061916263
9.324916,0.00061298575
9.319915,0.0006066393
9.314915,0.00060045265
9.309914,0.0005942686
9.3049135,0.000588081
9.299912,0.00058174867
9.294912,0.0005755805
9.289911,0.00056941976
9.28491,0.0005632723
9.27991,0.0005571426
9.274909,0.00055089145
9.269909,0.0005448037
9.264908,0.00053873705
9.259908,0.0005326993
9.254907,0.00052668696
9.249907,0.0005207054
9.244905,0.000514757
9.239905,0.00050884066
9.234904,0.0005029591
9.229904,0.0004971179
9.224903,0.0004913145
9.219902,0.00048555163
9.214902,0.00047982932
9.209901,0.00047415087
9.204901,0.00046862138
9.1999,0.00046302855
9.1949,0.00045748282
9.1898985,0.00045198284
9.184898,0.000446531
9.179897,0.00044121945
9.174897,0.00043586112
9.169896,0.00043055226
9.164896,0.00042538022
9.159895,0.00042016758
9.154895,0.00041500552
9.149894,0.00040997128
9.144894,0.0004049052
9.139893,0.0003998871
9.1348915,0.00039499314
9.129891,0.00039007238
9.12489,0.00038526824
9.11989,0.00038043968
9.114889,0.00037572408
9.109889,0.00037098792
9.104888,0.00036636
9.099888,0.0003617715
9.094887,0.00035716742
9.089887,0.00035265996
9.084886,0.0003481926
9.0798855,0.000343711
9.074884,0.0003393195
9.069883,0.00033496367
9.064883,0.00033064323
9.059882,0.00032635577
9.054882,0.00032205827
9.049881,0.00031783545
9.044881,0.0003136415
9.03988,0.0003094772
9.03488,0.00030534033
9.029879,0.00030122834
9.0248785,0.0002971404
9.019877,0.00029307866
9.014877,0.00028903742
9.009876,0.0002850158
9.004875,0.00028101372
8.999875,0.00027705004
8.994875,0.00027307982
8.989874,0.00026912524
8.984873,0.00026518293
8.979873,0.0002612535
8.974872,0.00025734573
8.9698715,0.00025343453
8.96487,0.00024953063
8.95987,0.00024563924
8.954869,0.00024174432
8.949869,0.00023785667
8.944868,0.00023396531
8.939867,0.00023007429
8.934867,0.000226183
8.929867,0.00022228457
8.924866,0.00021838491
8.919865,0.00021447284
8.914865,0.00021054987
8.909863,0.00020663028
8.904863,0.00020268765
8.899862,0.00019873097
8.894862,0.00019475941
8.889861,0.00019079438
8.884861,0.0001867918
8.87986,0.00018277147
8.87486,0.0001787332
8.869859,0.00017467244
8.864859,0.00017059203
8.859858,0.00016648845
8.8548565,0.00016236212
8.849856,0.00015821
8.844855,0.00015403252
8.839855,0.00014983155
8.834854,0.00014560019
8.829854,0.00014134195
8.824853,0.00013700525
8.819853,0.00013268604
8.814852,0.00012833482
8.809852,0.00012395288
8.804851,0.00011948249
8.79985,0.00011503528
8.794849,0.0001104906
8.789848,0.000105971936
8.784848,0.00010135284
8.779847,9.6761476e-05
8.774847,9.206502e-05
8.769846,8.73995e-05
8.764846,8.262083e-05
8.759845,7.787938e-05
8.754845,7.30184e-05
8.749844,6.811696e-05
8.7448435,6.317033e-05
8.739842,5.8266713e-05
8.734842,5.323501e-05
8.729841,4.8158923e-05
8.724841,4.3039152e-05
8.71984,3.7872087e-05
8.714839,3.2661657e-05
8.709839,2.7405302e-05
8.704838,2.2102293e-05
8.699838,1.6754639e-05
8.694837,1.1360913e-05
8.6898365,5.919457e-06
8.684835,4.315807e-07
8.679835,-5.1033276e-06
8.674834,-1.0682095e-05
8.669834,-1.6426144e-05
8.664833,-2.2101856e-05
8.659832,-2.7765287e-05
8.654832,-3.365602e-05
8.649832,-3.9474806e-05
8.644831,-4.54674e-05
8.63983,-5.138156e-05
8.6348295,-5.7474157e-05
8.629828,-6.348305e-05
8.624828,-6.967678e-05
8.619827,-7.57809e-05
8.614827,-8.207245e-05
8.609826,-8.841726e-05
8.604826,-9.4663264e-05
8.599825,-0.00010110531
8.594824,-0.00010759695
8.589824,-0.00011414089
8.584824,-0.00012073244
8.579823,-0.00012737367
8.574821,-0.00013390536
8.569821,-0.00014064385
8.564821,-0.00014743066
8.55982,-0.00015443348
8.554819,-0.00016131948
8.549819,-0.00016825489
8.544818,-0.00017523623
8.539818,-0.0001822676
8.534817,-0.00018934414
8.529817,-0.00019665048
8.524816,-0.00020382326
8.519815,-0.00021104445
8.514814,-0.00021849663
8.509813,-0.000225812
8.504813,-0.00023336435
8.499812,-0.00024077122
8.494812,-0.00024842058
8.489811,-0.00025592028
8.484811,-0.00026366411
8.47981,-0.00027145704
8.47481,-0.00027909275
8.469809,-0.0002869787
8.464808,-0.00029491406
8.459807,-0.00030289276
8.454807,-0.00031092105
8.449806,-0.00031899483
8.444806,-0.00032711474
8.439805,-0.00033528023
8.434805,-0.00034349153
8.429804,-0.00035174954
8.424803,-0.0003600501
8.419803,-0.00036839693
8.414802,-0.0003770158
8.4098015,-0.0003854527
8.4048,-0.00039393225
8.3998,-0.00040269073
8.394799,-0.000411259
8.389799,-0.00041987008
8.384798,-0.00042876543
8.379798,-0.0004377066
8.374797,-0.00044644997
8.369797,-0.0004554813
8.364796,-0.00046430883
8.359795,-0.00047342764
8.3547945,-0.00048259282
8.349794,-0.00049180246
8.344793,-0.0005010537
8.339792,-0.00051035266
8.334792,-0.0005196935
8.329791,-0.00052907824
8.324791,-0.00053850736
8.31979,-0.00054797926
8.31479,-0.00055749505
8.309789,-0.00056705024
8.304789,-0.00057665166
8.2997875,-0.00058656704
8.294786,-0.0005962537
8.289786,-0.00060625724
8.284786,-0.00061603164
8.279785,-0.00062612654
8.274784,-0.00063598476
8.269784,-0.00064616674
8.264783,-0.00065610814
8.259783,-0.0006663789
8.254782,-0.0006766956
8.249782,-0.00068705314
8.244781,-0.00069745793
8.23978,-0.0007079066
8.234779,-0.0007183963
8.229779,-0.0007289329
8.224778,-0.0007395125
8.219778,-0.00075013563
8.214777,-0.0007608026
8.209776,-0.0007718167
8.204776,-0.00078257103
8.199775,-0.0007933723
8.194775,-0.00080452126
8.189774,-0.00081540935
8.184773,-0.00082665076
8.179772,-0.0008376278
8.174772,-0.0008489592
8.169771,-0.0008603376
8.164771,-0.0008717643
8.15977,-0.0008829173
8.15477,-0.0008944355
8.149769,-0.00090599776
8.144768,-0.00091760623
8.139768,-0.00092925975
8.134767,-0.0009412876
8.129766,-0.0009530357
8.124765,-0.00096483045
8.119765,-0.0009766739
8.114764,-0.000988894
8.109764,-0.0010006597
8.104763,-0.0010129785
8.099762,-0.0010250071
8.094762,-0.0010374166
8.089762,-0.0010498784
8.084761,-0.0010623911
8.07976,-0.001074608
8.0747595,-0.001087216
8.069759,-0.0010998712
8.064758,-0.0011125774
8.059757,-0.0011253343
8.054757,-0.0011384875
8.049756,-0.0011513459
8.044756,-0.0011642501
8.039755,-0.0011775568
8.034755,-0.0011905644
8.029754,-0.001203974
8.024754,-0.0012170821
8.0197525,-0.001230596
8.014751,-0.0012441601
8.009751,-0.0012574228
8.004751,-0.0012710901
7.99975,-0.0012848171
7.994749,-0.0012985923
7.989749,-0.0013124207
7.984748,-0.0013263023
7.979748,-0.0013406033
7.9747467,-0.0013545923
7.9697466,-0.0013686373
7.9647455,-0.0013831025
7.9597454,-0.0013972525
7.9547443,-0.0014118269
7.9497437,-0.0014260882
7.944743,-0.0014407728
7.9397426,-0.0014555162
7.934742,-0.0014703145
7.9297414,-0.0014851703
7.924741,-0.0015000788
7.91974,-0.0015150454
7.9147396,-0.0015300713
7.9097385,-0.0015455297
7.9047384,-0.0015606685
7.8997374,-0.0015758659
7.8947372,-0.001591499
7.889736,-0.0016068106
7.884736,-0.0016225623
7.879735,-0.001638371
7.8747344,-0.0016542432
7.869734,-0.0016701722
7.864733,-0.0016861602
7.8597326,-0.001702207
7.854732,-0.0017181205
7.8497314,-0.0017342884
7.844731,-0.001750905
7.8397303,-0.0017671924
7.834729,-0.00178354
7.829729,-0.0018003413
7.824728,-0.0018172063
7.819728,-0.0018337329
7.814727,-0.0018507161
7.809726,-0.0018677677
7.8047256,-0.0018848754
7.799725,-0.0019020492
7.7947245,-0.0019192828
7.789724,-0.0019369763
7.7847233,-0.0019543369
7.779722,-0.0019721603
7.774722,-0.001989643
7.769721,-0.0020075953
7.764721,-0.0020252045
7.75972,-0.002043284
7.7547197,-0.0020614222
7.7497187,-0.0020796289
7.744718,-0.0020978968
7.7397175,-0.002116233
7.734717,-0.0021350367
7.7297163,-0.0021534998
7.7247157,-0.0021724352
7.719715,-0.0021910267
7.7147145,-0.0022100934
7.709714,-0.0022288153
7.704713,-0.002248013
7.6997128,-0.002267276
7.6947117,-0.0022866027
7.6897116,-0.002305997
7.6847105,-0.0023256624
7.6797104,-0.0023451878
7.6747093,-0.0023647777
7.669709,-0.00238485
7.664708,-0.002404987
7.6597075,-0.0024247747
7.654707,-0.0024450447
7.6497064,-0.0024653831
7.644706,-0.0024857845
7.639705,-0.0025062535
7.6347046,-0.002526792
7.629704,-0.0025478168
7.6247034,-0.0025684822
7.6197023,-0.00258964
7.614702,-0.0026104413
7.609701,-0.0026317297
7.604701,-0.002653088
7.5997,-0.0026745116
7.5946994,-0.0026960038
7.589699,-0.00271756
7.584698,-0.00273918
7.5796976,-0.002761295
7.574697,-0.0027830526
7.5696964,-0.002805298
7.564696,-0.0028271894
7.5596952,-0.0028493572
7.554694,-0.0028717993
7.549694,-0.0028943163
7.544693,-0.0029168958
7.5396924,-0.0029399719
7.534692,-0.002962679
7.529691,-0.0029858893
7.5246906,-0.0030087326
7.51969,-0.0030320685
7.5146894,-0.003055473
7.509689,-0.0030789417
7.5046883,-0.0031024767
7.4996877,-0.0031260836
7.494687,-0.0031497472
7.489686,-0.0031739054
7.484686,-0.0031977035
7.479685,-0.0032219938
7.4746847,-0.0032459171
7.4696836,-0.0032703392
7.4646835,-0.003294827
7.4596825,-0.0033191545
7.454682,-0.003344203
7.4496813,-0.003368883
7.4446807,-0.0033940542
7.43968,-0.0034188554
7.4346795,-0.003444157
7.429679,-0.0034695198
7.4246783,-0.0034949412
7.4196777,-0.0035204324
7.4146767,-0.0035459772
7.4096766,-0.0035715844
7.4046755,-0.0035976903
7.3996754,-0.0036238588
7.3946743,-0.003649653
7.389674,-0.0036759437
7.384673,-0.0037022876
7.3796725,-0.0037284757
7.374672,-0.0037553827
7.3696713,-0.00378191
7.3646708,-0.003808496
7.35967,-0.0038355715
7.3546696,-0.0038627135
7.3496685,-0.003889902
7.3446684,-0.003917162
7.339668,-0.0039444678
7.3346667,-0.003971834
7.329666,-0.003999685
7.324666,-0.0040271645
7.319665,-0.0040551336
7.3146644,-0.0040831575
7.309664,-0.004111235
7.3046637,-0.004139143
7.2996626,-0.004167772
7.294662,-0.004196007
7.2896614,-0.0042247316
7.2846603,-0.0042530713
7.27966,-0.004281897
7.2746596,-0.004310781
7.269659,-0.004339706
7.264658,-0.004369126
7.259658,-0.004398153
7.254657,-0.004427669
7.249656,-0.0044567976
7.2446556,-0.0044861813
7.2396555,-0.004515839
7.2346544,-0.0045455387
7.229654,-0.004575724
7.2246532,-0.004605513
7.2196527,-0.0046357927
7.214652,-0.004666106
7.2096515,-0.004696466
7.204651,-0.0047268663
7.19965,-0.0047573154
7.1946497,-0.0047877925
7.1896486,-0.0048185415
7.1846485,-0.004849538
7.1796474,-0.004880574
7.174647,-0.0049116565
7.1696463,-0.004942772
7.1646457,-0.00497392
7.159645,-0.005005549
7.1546445,-0.005036773
7.149644,-0.005068466
7.1446433,-0.0051001953
7.1396427,-0.0051317345
7.134642,-0.0051639616
7.1296415,-0.005195788
7.1246405,-0.0052280794
7.1196404,-0.0052603986
7.1146393,-0.0052927434
7.1096387,-0.0053251195
7.104638,-0.0053575267
7.099638,-0.0053903884
7.094637,-0.0054226257
7.0896363,-0.0054555438
7.0846357,-0.005488478
7.079635,-0.0055214423
7.0746346,-0.0055548633
7.069634,-0.0055878614
7.0646334,-0.0056213187
7.0596323,-0.005654802
7.054632,-0.005688297
7.0496316,-0.005721588
7.0446305,-0.005755559
7.03963,-0.0057890955
7.03463,-0.005823092
7.0296288,-0.0058571044
7.024628,-0.005891121
7.0196276,-0.005925576
7.014627,-0.0059594116
7.0096264,-0.005993897
7.004626,-0.006028384
6.999625,-0.0060628867
6.994624,-0.006097393
6.989624,-0.006132342
6.9846234,-0.006167286
6.979623,-0.0062018083
6.974622,-0.0062365606
6.9696217,-0.0062719416
6.9646206,-0.0063069006
6.95962,-0.006342288
6.9546194,-0.0063776784
6.949619,-0.0064130668
6.944618,-0.006448238
6.9396176,-0.006483613
6.934617,-0.0065194154
6.9296165,-0.0065552196
6.924616,-0.0065910053
6.9196153,-0.006626782
6.9146147,-0.0066629704
6.9096136,-0.006698535
6.9046135,-0.00673471
6.8996124,-0.006770865
6.8946123,-0.00680744
6.8896112,-0.0068435892
6.8846107,-0.006879924
6.87961,-0.006916453
6.8746095,-0.006952955
6.869609,-0.006989461
6.8646083,-0.007026352
6.8596077,-0.0070628077
6.8546066,-0.0070994576
6.8496065,-0.0071367095
6.844606,-0.0071735187
6.839605,-0.007210735
6.8346043,-0.0072479094
6.829604,-0.0072848583
6.824603,-0.007321991
6.8196025,-0.0073595075
6.814602,-0.007396586
6.809602,-0.007434049
6.8046007,-0.0074716834
6.7996,-0.007509088
6.7945995,-0.0075468644
6.7895985,-0.0075846184
6.7845984,-0.007622327
6.7795978,-0.0076598157
6.774597,-0.0076978644
6.769596,-0.0077358745
6.764596,-0.0077738566
6.7595954,-0.007811809
6.7545943,-0.007849921
6.7495937,-0.007888195
6.7445936,-0.007926414
6.7395926,-0.007964622
6.734592,-0.008002964
6.7295914,-0.00804147
6.724591,-0.008079934
6.71959,-0.008118367
6.7145896,-0.008156951
6.709589,-0.0081956815
6.704588,-0.008234375
6.699588,-0.0082730185
6.6945868,-0.008311816
6.6895866,-0.008350378
6.6845856,-0.0083896555
6.679585,-0.0084285
6.6745844,-0.0084675085
6.669584,-0.008506658
6.664583,-0.00854574
6.6595826,-0.00858479
6.654582,-0.008623981
6.6495814,-0.008663304
6.644581,-0.008702586
6.6395802,-0.00874201
6.6345797,-0.008781184
6.6295786,-0.008820691
6.6245785,-0.008860532
6.6195774,-0.008899745
6.614577,-0.008939483
6.609576,-0.00897916
6.604576,-0.009018966
6.599575,-0.009058921
6.5945745,-0.009098807
6.589574,-0.009138467
6.5845733,-0.009178626
6.5795727,-0.009218363
6.574572,-0.009258607
6.5695715,-0.009298604
6.5645704,-0.009338922
6.5595703,-0.009379178
6.5545697,-0.009419216
6.5495687,-0.009459734
6.544568,-0.009500026
6.539568,-0.009540413
6.534567,-0.009581155
6.5295663,-0.009621651
6.5245657,-0.009662266
6.519565,-0.00970284
6.5145645,-0.009743543
6.509564,-0.009784367
6.5045633,-0.009825489
6.4995623,-0.00986603
6.494562,-0.009907061
6.4895616,-0.009948213
6.484561,-0.009989163
6.47956,-0.010030403
6.47456,-0.010071764
6.4695587,-0.010112905
6.464558,-0.010154355
6.4595575,-0.010195921
6.454557,-0.010237285
6.4495564,-0.010278766
6.4445558,-0.010320369
6.439555,-0.010362134
6.4345546,-0.010404011
6.429554,-0.010445855
6.4245534,-0.010487805
6.419553,-0.010529914
6.4145517,-0.01057181
6.4095516,-0.010614187
6.4045506,-0.010656351
6.3995504,-0.010698651
6.3945494,-0.010741094
6.389549,-0.010783661
6.384548,-0.010826217
6.3795476,-0.010868898
6.374547,-0.0109117245
6.3695464,-0.010954684
6.364546,-0.010997792
6.3595448,-0.011040712
6.3545446,-0.011083783
6.349544,-0.0111269895
6.3445435,-0.011170667
6.3395424,-0.011213861
6.3345423,-0.011257513
6.329541,-0.011301323
6.3245406,-0.011345133
6.31954,-0.011389091
6.31454,-0.0114328675
6.309539,-0.011477141
6.3045382,-0.011521568
6.2995377,-0.011565845
6.2945366,-0.011610288
6.2895365,-0.011655178
6.284536,-0.011699943
6.2795353,-0.01174472
6.274534,-0.011789972
6.269534,-0.011835077
6.2645335,-0.011880388
6.2595325,-0.01192586
6.254532,-0.011971346
6.2495317,-0.012017325
6.2445307,-0.012063191
6.23953,-0.012109526
6.2345295,-0.01215546
6.229529,-0.012202037
6.2245283,-0.012248792
6.2195277,-0.012295441
6.214527,-0.012342154
6.209526,-0.012389354
6.204526,-0.012436763
6.199525,-0.012484238
6.194525,-0.012531914
6.1895237,-0.012579497
6.1845236,-0.012627749
6.1795225,-0.012675775
6.174522,-0.012724328
6.1695213,-0.012773086
6.1645207,-0.012821922
6.15952,-0.012870999
6.1545196,-0.012920294
6.149519,-0.0129697025
6.1445184,-0.013019476
6.139518,-0.013069361
6.1345167,-0.013119496
6.1295166,-0.013169855
6.1245155,-0.013220627
6.1195154,-0.013271514
6.1145144,-0.013322671
6.109514,-0.013374089
6.104513,-0.013425614
6.0995126,-0.013477575
6.094512,-0.013529935
6.0895114,-0.013582174
6.084511,-0.013635096
6.07951,-0.013688026
6.0745096,-0.013741509
6.0695086,-0.013794905
6.0645084,-0.013848995
6.059508,-0.013902996
6.054507,-0.013957681
6.049506,-0.014012303
6.044506,-0.014067366
6.039505,-0.014122883
6.0345044,-0.014178584
6.029504,-0.014234722
6.0245037,-0.014291093
6.0195026,-0.014347939
6.014502,-0.014404981
6.0095015,-0.01446251
6.0045004,-0.014520259
5.9995003,-0.014578481
5.9944997,-0.014636933
5.9894986,-0.014695872
5.984498,-0.014755073
5.979498,-0.014814786
5.974497,-0.014874994
5.9694963,-0.014935435
5.9644957,-0.014996135
5.9594955,-0.015057379
5.9544945,-0.015119102
5.949494,-0.015181173
5.9444933,-0.015243731
5.9394927,-0.015306474
5.934492,-0.015369897
5.9294915,-0.015433586
5.924491,-0.015497814
5.9194903,-0.015562393
5.9144897,-0.015627393
5.9094887,-0.015693072
5.904488,-0.015759066
5.8994875,-0.015825681
5.894487,-0.015892472
5.8894863,-0.015959982
5.8844857,-0.01602783
5.879485,-0.016096532
5.8744845,-0.0161652
5.869484,-0.01623461
5.8644834,-0.016304629
5.859483,-0.016375171
5.854482,-0.016446183
5.8494816,-0.01651759
5.8444805,-0.016589725
5.8394804,-0.016662154
5.83448,-0.016735354
5.8294787,-0.016809065
5.824478,-0.016883302
5.8194776,-0.016958097
5.814477,-0.01703342
5.8094764,-0.017109541
5.804476,-0.017185975
5.799475,-0.017263185
5.7944746,-0.017340733
5.789474,-0.0174191
5.7844734,-0.01749801
5.7794724,-0.01757753
5.774472,-0.017657634
5.7694716,-0.017738443
5.7644706,-0.017819839
5.75947,-0.017901842
5.75447,-0.01798468
5.749469,-0.018067872
5.744468,-0.018151855
5.7394676,-0.01823654
5.734467,-0.018321838
5.7294664,-0.01840779
5.724466,-0.018494483
5.7194653,-0.018581735
5.7144647,-0.018669864
5.709464,-0.018758602
5.7044635,-0.018847901
5.6994624,-0.018938243
5.694462,-0.01902887
5.6894617,-0.019120542
5.6844606,-0.019212764
5.67946,-0.019305795
5.6744595,-0.019399613
5.669459,-0.019494016
5.6644583,-0.01958935
5.6594577,-0.01968531
5.654457,-0.019782148
5.6494565,-0.019879643
5.644456,-0.01997793
5.6394553,-0.02007707
5.6344547,-0.020176833
5.629454,-0.020277413
5.6244535,-0.02037884
5.6194525,-0.020481192
5.614452,-0.020584276
5.6094513,-0.02068808
5.6044507,-0.020792736
5.59945,-0.020898359
5.5944495,-0.021004455
5.589449,-0.0211118
5.5844483,-0.02121979
5.5794477,-0.021328526
5.5744467,-0.021438116
5.5694466,-0.021548808
5.564446,-0.021660104
5.559445,-0.021772368
5.5544443,-0.021885473
5.549444,-0.021999644
5.5444436,-0.022114346
5.5394425,-0.022230063
5.534442,-0.022346683
5.5294414,-0.022464158
5.524441,-0.022582782
5.51944,-0.022702212
5.5144396,-0.022822332
5.509439,-0.022943547
5.5044384,-0.02306558
5.499438,-0.023188587
5.4944367,-0.023312595
5.489436,-0.023437673
5.484436,-0.02356336
5.4794354,-0.023690077
5.4744344,-0.023817977
5.469434,-0.02394663
5.4644337,-0.024076259
5.4594326,-0.02420665
5.454432,-0.024338294
5.4494314,-0.024470933
5.444431,-0.02460437
5.43943,-0.02473906
5.4344296,-0.024874473
5.429429,-0.025010794
5.4244285,-0.02514828
5.419428,-0.02528682
5.414427,-0.025426302
5.409426,-0.025566744
5.4044256,-0.025708346
5.399425,-0.02585071
5.3944244,-0.025994293
5.389424,-0.026139013
5.3844233,-0.02628442
5.3794227,-0.02643128
5.374422,-0.026578741
5.3694215,-0.026727458
5.364421,-0.026877346
5.3594203,-0.027027974
5.3544197,-0.027179843
5.3494186,-0.027332924
5.3444185,-0.027486818
5.339418,-0.027641734
5.334417,-0.02779793
5.3294163,-0.027955277
5.3244157,-0.028113525
5.319415,-0.02827275
5.3144145,-0.0284331
5.309414,-0.028594835
5.3044133,-0.028757386
5.2994127,-0.028921016
5.294412,-0.029085893
5.2894115,-0.029251724
5.2844105,-0.029418644
5.2794104,-0.029586961
5.27441,-0.029755961
5.2694087,-0.029926475
5.264408,-0.030098123
5.259408,-0.030270446
5.254407,-0.030444304
5.2494063,-0.030619143
5.2444057,-0.030795231
5.239405,-0.030972335
5.2344046,-0.031150535
5.229404,-0.031330116
5.2244034,-0.0315107
5.219403,-0.031692263
5.214402,-0.031875264
5.2094016,-0.032059386
5.2044005,-0.03224463
5.1994,-0.032431014
5.1944,-0.032618463
5.189399,-0.03280715
5.184398,-0.032996904
5.1793976,-0.03318816
5.174397,-0.033380374
5.1693964,-0.033573907
5.164396,-0.033768475
5.159395,-0.03396415
5.1543946,-0.034161385
5.149394,-0.034359295
5.1443934,-0.034558866
5.139393,-0.034759395
5.1343923,-0.034961104
5.1293917,-0.035164244
5.1243906,-0.0353687
5.11939,-0.03557413
5.1143894,-0.035780776
5.109389,-0.035988506
5.104388,-0.036197744
5.0993876,-0.03640816
5.094387,-0.036619507
5.0893865,-0.03683258
5.084386,-0.03704643
5.079385,-0.037262134
5.0743847,-0.037478466
5.069384,-0.037696496
5.0643835,-0.037915193
5.0593824,-0.03813563
5.0543823,-0.03835718
5.0493817,-0.038579985
5.0443807,-0.038803965
5.03938,-0.03902949
5.0343795,-0.0392561
5.029379,-0.039484
5.0243783,-0.039713282
5.0193777,-0.039943874
5.014377,-0.04017552
5.0093765,-0.040408712
5.004376,-0.04064286
4.9993753,-0.040878456
4.9943743,-0.041115373
4.9893737,-0.041353617
4.9843736,-0.041593127
4.9793725,-0.041833937
4.974372,-0.04207619
4.969372,-0.04231964
4.9643707,-0.04256429
4.9593697,-0.042810455
4.9543695,-0.043057796
4.949369,-0.04330674
4.9443684,-0.04355717
4.939368,-0.043808185
4.934367,-0.044061303
4.9293666,-0.044315055
4.924366,-0.04457098
4.919365,-0.04482748
4.914365,-0.045085877
4.9093637,-0.045345493
4.904363,-0.045606285
4.899363,-0.045868617
4.894362,-0.04613209
4.8893614,-0.04639718
4.8843613,-0.04666366
4.87936,-0.046931483
4.874359,-0.047200654
4.869359,-0.047471244
4.8643584,-0.04774315
4.8593574,-0.048016746
4.8543572,-0.048291437
4.8493567,-0.048567686
4.8443556,-0.048845146
4.8393555,-0.0491242
4.8343544,-0.04940463
4.829354,-0.049686447
4.824353,-0.04996962
4.8193526,-0.050254636
4.814352,-0.05054066
4.8093514,-0.0508282
4.804351,-0.051117346
4.7993507,-0.051408123
4.7943497,-0.051700078
4.7893486,-0.05199341
4.7843485,-0.052288197
4.779348,-0.052584723
4.774347,-0.0528826
4.7693467,-0.053181987
4.764346,-0.053482905
4.759345,-0.053785093
4.754345,-0.054089274
4.749344,-0.05439467
4.7443433,-0.05470141
4.7393427,-0.055010043
4.734342,-0.055319656
4.7293415,-0.055631567
4.724341,-0.05594435
4.7193403,-0.056258895
4.7143393,-0.056574993
4.709339,-0.05689255
4.704338,-0.057211895
4.6993375,-0.0575327
4.6943374,-0.057854984
4.6893363,-0.058178976
4.6843357,-0.058504306
4.6793356,-0.058831215
4.6743345,-0.059160277
4.6693335,-0.05949039
4.6643333,-0.059822254
4.6593328,-0.060156032
4.6543317,-0.060491007
4.6493316,-0.060827665
4.644331,-0.06116653
4.63933,-0.06150647
4.63433,-0.061848145
4.6293287,-0.06219174
4.6243286,-0.06253671
4.6193275,-0.06288318
4.614327,-0.06323181
4.609327,-0.06358187
4.604326,-0.06393341
4.599325,-0.0642871
4.594325,-0.064642236
4.589324,-0.064999074
4.584323,-0.06535807
4.579323,-0.06571829
4.574322,-0.06608071
4.569321,-0.066444166
4.564321,-0.06680981
4.5593204,-0.06717716
4.5543194,-0.06754664
4.5493193,-0.06791736
4.544318,-0.068290345
4.5393176,-0.06866486
4.534317,-0.069041096
4.5293164,-0.06941935
4.524316,-0.06979956
4.5193152,-0.07018138
4.5143147,-0.070564866
4.5093136,-0.070950784
4.5043135,-0.07133822
4.4993124,-0.07172751
4.494312,-0.07211838
4.4893117,-0.0725118
4.4843106,-0.07290665
4.4793105,-0.073303625
4.47431,-0.073702425
4.469309,-0.07410307
4.4643087,-0.07450594
4.4593077,-0.074910745
4.454307,-0.075317346
4.4493065,-0.07572554
4.444306,-0.07613622
4.4393053,-0.07654904
4.4343047,-0.07696311
4.429304,-0.07737998
4.424303,-0.077798665
4.419303,-0.07821899
4.414302,-0.07864167
4.4093013,-0.07906659
4.404301,-0.07949336
4.3993,-0.07992225
4.3942995,-0.080353014
4.3892994,-0.08078611
4.3842983,-0.08122151
4.3792973,-0.08165871
4.374297,-0.08209808
4.3692966,-0.08254005
4.3642955,-0.0829837
4.3592954,-0.08342958
4.354295,-0.083877884
4.3492937,-0.08432855
4.3442936,-0.084781095
4.3392925,-0.085235834
4.334292,-0.08569242
4.3292913,-0.08615214
4.3242908,-0.08661337
4.31929,-0.087077565
4.3142896,-0.08754323
4.309289,-0.08801186
4.304289,-0.08848262
4.299288,-0.08895549
4.2942867,-0.08943124
4.2892866,-0.089908704
4.284286,-0.090389274
4.279285,-0.09087176
4.274285,-0.091356486
4.2692842,-0.091843665
4.264283,-0.09233353
4.259283,-0.09282561
4.254282,-0.093320556
4.2492814,-0.093817346
4.244281,-0.09431702
4.23928,-0.094819
4.2342796,-0.09532389
4.229279,-0.095830984
4.2242785,-0.0963404
4.2192774,-0.09685305
4.2142773,-0.09736749
4.209276,-0.09788514
4.2042756,-0.09840489
4.1992755,-0.098927744
4.1942744,-0.09945318
4.189274,-0.0999807
4.1842737,-0.100511365
4.1792727,-0.10104461
4.1742716,-0.10158069
4.1692715,-0.10211955
4.164271,-0.102660485
4.1592703,-0.10320467
4.1542697,-0.10375195
4.149269,-0.1043016
4.1442685,-0.10485401
4.139268,-0.10540916
4.134267,-0.10596717
4.1292667,-0.106528595
4.1242657,-0.107092
4.119265,-0.10765927
4.114265,-0.108228534
4.109264,-0.10880101
4.1042633,-0.10937682
4.099263,-0.10995531
4.094262,-0.110536925
4.089261,-0.111121066
4.084261,-0.111708574
4.0792603,-0.11229885
4.0742593,-0.112892285
4.069259,-0.113489255
4.0642586,-0.114088774
4.0592575,-0.114691444
4.0542574,-0.11529708
4.0492563,-0.1159061
4.0442557,-0.116518244
4.039255,-0.11713361
4.0342546,-0.11775198
4.029254,-0.118374124
4.0242534,-0.11899921
4.019253,-0.119626984
4.0142517,-0.12025857
4.0092516,-0.12089321
4.0042505,-0.12153124
3.99925,-0.122173026
3.9942498,-0.12281789
3.9892488,-0.123465925
3.9842486,-0.12411708
3.979248,-0.124771945
3.974247,-0.1254307
3.9692469,-0.12609258
3.9642458,-0.12675795
3.9592452,-0.12742677
3.9542446,-0.12809858
3.949244,-0.12877509
3.9442434,-0.12945393
3.9392428,-0.13013713
3.9342422,-0.1308236
3.9292412,-0.13151357
3.924241,-0.13220757
3.91924,-0.1329053
3.9142394,-0.13360654
3.9092393,-0.13431126
3.9042382,-0.1350202
3.8992376,-0.13573201
3.8942375,-0.13644835
3.8892365,-0.13716844
3.8842354,-0.13789238
3.8792353,-0.13861986
3.8742347,-0.13935113
3.8692336,-0.14008643
3.8642335,-0.14082614
3.859233,-0.14156903
3.8542318,-0.1423161
3.8492317,-0.14306724
3.8442307,-0.14382213
3.8392305,-0.14458148
3.8342295,-0.14534438
3.8292289,-0.14611189
3.8242288,-0.14688288
3.8192277,-0.14765874
3.814227,-0.14843863
3.809227,-0.14922215
3.804226,-0.15000983
3.7992249,-0.15080214
3.7942247,-0.15159838
3.7892241,-0.15239938
3.784223,-0.15320426
3.779223,-0.15401345
3.7742224,-0.15482666
3.7692213,-0.15564512
3.7642212,-0.15646692
3.7592201,-0.15729396
3.7542195,-0.15812512
3.749219,-0.15896028
3.7442183,-0.15980032
3.7392178,-0.16064487
3.7342172,-0.1614938
3.7292166,-0.1623474
3.7242155,-0.16320604
3.7192154,-0.16406846
3.7142143,-0.16493623
3.7092137,-0.1658082
3.7042136,-0.16668493
3.6992126,-0.16756634
3.694212,-0.16845289
3.6892118,-0.16934398
3.6842108,-0.17023921
3.6792097,-0.17113978
3.6742096,-0.1720447
3.669209,-0.17295545
3.6642084,-0.1738705
3.6592078,-0.17479034
3.6542072,-0.17571552
3.6492066,-0.17664534
3.644206,-0.17758031
3.639205,-0.17852011
3.6342049,-0.17946531
3.6292038,-0.18041518
3.6242032,-0.1813701
3.619203,-0.18233037
3.614202,-0.18329582
3.6092014,-0.18426672
3.6042013,-0.18524194
3.5992002,-0.1862229
3.5941992,-0.18720914
3.589199,-0.1882006
3.5841985,-0.18919769
3.5791974,-0.1901995
3.5741973,-0.19120723
3.5691967,-0.19221991
3.5641956,-0.19323826
3.5591955,-0.19426171
3.5541945,-0.19529124
3.5491939,-0.19632562
3.5441933,-0.19736616
3.5391927,-0.19841188
3.534192,-0.19946325
3.5291915,-0.20052038
3.524191,-0.20158306
3.5191908,-0.20265093
3.5141897,-0.20372471
3.5091887,-0.2048046
3.5041885,-0.20588996
3.499188,-0.20698135
3.4941869,-0.20807815
3.4891868,-0.20918103
3.4841862,-0.21028948
3.479185,-0.21140443
3.474185,-0.21252406
3.469184,-0.213651
3.4641833,-0.21478313
3.4591827,-0.21592149
3.4541821,-0.21706574
3.4491816,-0.21821624
3.444181,-0.21937265
3.4391804,-0.22053541
3.4341793,-0.2217037
3.4291792,-0.22287893
3.4241781,-0.22405975
3.4191775,-0.22524676
3.4141774,-0.22644049
3.4091763,-0.2276403
3.4041758,-0.22884619
3.3991756,-0.23005876
3.3941746,-0.23127766
3.3891735,-0.23250282
3.3841734,-0.23373432
3.3791728,-0.23497283
3.3741717,-0.23621702
3.3691716,-0.23746748
3.364171,-0.23872533
3.35917,-0.23998919
3.3541698,-0.24126005
3.3491688,-0.24253711
3.3441687,-0.24382079
3.3391676,-0.24511155
3.334167,-0.24640867
3.329167,-0.24771251
3.3241658,-0.24902399
3.3191652,-0.25034127
3.314165,-0.25166535
3.309164,-0.25299644
3.304163,-0.25433445
3.2991629,-0.25567937
3.2941623,-0.25703138
3.2891612,-0.25839
3.284161,-0.25975564
3.2791605,-0.26112828
3.2741594,-0.26250842
3.2691593,-0.26389506
3.2641582,-0.26528937
3.2591577,-0.2666908
3.254157,-0.2680986
3.2491565,-0.26951405
3.244156,-0.27093685
3.2391553,-0.27236617
3.2341547,-0.27380303
3.2291536,-0.27524772
3.2241535,-0.27669927
3.2191525,-0.2781583
3.2141519,-0.279625
3.2091517,-0.2810984
3.2041507,-0.28258005
3.1991506,-0.2840688
3.19415,-0.28556472
3.189149,-0.287068
3.1841488,-0.28857952
3.1791477,-0.29009822
3.1741471,-0.29162467
3.1691465,-0.2931581
3.164146,-0.29470006
3.1591454,-0.29624927
3.1541448,-0.29780668
3.1491442,-0.29937127
3.144143,-0.3009437
3.139143,-0.30252442
3.134142,-0.30411226
3.1291413,-0.30570796
3.1241412,-0.30731198
3.1191401,-0.3089234
3.1141396,-0.3105428
3.1091394,-0.31217068
3.1041384,-0.31380627
3.0991373,-0.3154499
3.0941372,-0.31710145
3.0891366,-0.31876072
3.0841355,-0.3204288
3.0791354,-0.32210442
3.0741348,-0.32378837
3.0691338,-0.32548067
3.0641336,-0.3271805
3.0591326,-0.3288894
3.054132,-0.3306063
3.0491314,-0.33233106
3.0441308,-0.3340642
3.0391302,-0.33580616
3.0341296,-0.33755624
3.029129,-0.33931452
3.024129,-0.34108132
3.0191278,-0.34285668
3.0141268,-0.34464034
3.0091267,-0.34643212
3.004126,-0.3482331
2.999125,-0.3500423
2.994125,-0.35185954
2.9891243,-0.35368633
2.9841232,-0.35552108
2.979123,-0.35736462
2.974122,-0.3592162
2.9691215,-0.36107767
2.9641209,-0.36294731
2.9591203,-0.36482587
2.9541197,-0.36671302
2.949119,-0.3686089
2.9441185,-0.37051353
2.9391174,-0.37242764
2.9341173,-0.37434867
2.9291162,-0.37628096
2.9241157,-0.37822068
2.9191155,-0.38017014
2.9141145,-0.38212794
2.909114,-0.38409522
2.9041138,-0.38607085
2.8991127,-0.38805577
2.8941116,-0.39005032
2.8891115,-0.3920536
2.884111,-0.39406586
2.8791103,-0.39608693
2.8741097,-0.398118
2.8691092,-0.40015832
2.8641086,-0.40220705
2.859108,-0.40426466
2.854107,-0.40633237
2.8491068,-0.40840912
2.8441057,-0.41049582
2.8391051,-0.41259068
2.834105,-0.41469496
2.829104,-0.41680965
2.8241034,-0.41893327
2.8191032,-0.42106608
2.8141022,-0.4232076
2.809101,-0.42536038
2.804101,-0.4275209
2.7991004,-0.42969203
2.7940993,-0.43187222
2.7890992,-0.4340616
2.7840986,-0.43626204
2.7790976,-0.43847048
2.7740974,-0.4406892
2.7690964,-0.44291764
2.7640958,-0.44515496
2.7590952,-0.44740295
2.7540946,-0.44965976
2.749094,-0.4519269
2.7440934,-0.4542036
2.7390928,-0.4564903
2.7340918,-0.45878688
2.7290916,-0.46109277
2.7240906,-0.46340936
2.71909,-0.46573508
2.7140899,-0.4680707
2.7090888,-0.47041616
2.7040887,-0.47277123
2.699088,-0.47513705
2.694087,-0.47751245
2.689087,-0.4798977
2.6840858,-0.48229373
2.6790853,-0.48469839
2.6740847,-0.48711377
2.669084,-0.4895396
2.6640835,-0.4919754
2.659083,-0.49442118
2.6540823,-0.49687722
2.6490812,-0.49934328
2.644081,-0.5018195
2.63908,-0.50430524
2.6340795,-0.50680196
2.6290793,-0.5093087
2.6240783,-0.5118264
2.6190777,-0.5143534
2.6140776,-0.5168911
2.6090765,-0.519439
2.6040754,-0.521997
2.5990753,-0.52456546
2.5940747,-0.5271443
2.5890737,-0.529734
2.5840735,-0.532333
2.579073,-0.5349437
2.574072,-0.5375641
2.5690718,-0.54019475
2.5640707,-0.5428363
2.5590706,-0.54548836
2.5540695,-0.54815084
2.549069,-0.5508243
2.5440688,-0.553508
2.5390677,-0.5562027
2.5340672,-0.5589071
2.529067,-0.5616218
2.524066,-0.5643477
2.519065,-0.5670852
2.5140648,-0.569832
2.5090642,-0.57259053
2.5040631,-0.57535875
2.499063,-0.5781378
2.4940624,-0.5809289
2.4890614,-0.58372945
2.4840612,-0.5865406
2.4790602,-0.5893629
2.4740596,-0.5921966
2.469059,-0.5950399
2.4640584,-0.5978958
2.4590578,-0.60076106
2.4540572,-0.6036377
2.4490566,-0.6065252
2.4440556,-0.6094239
2.4390554,-0.6123339
2.4340544,-0.6152528
2.4290538,-0.61818486
2.4240537,-0.6211275
2.4190526,-0.62408024
2.414052,-0.62704456
2.409052,-0.63001907
2.4040508,-0.6330061
2.3990498,-0.63600415
2.3940496,-0.6390122
2.389049,-0.6420319
2.3840485,-0.6450624
2.3790479,-0.6481044
2.3740473,-0.65115666
2.3690467,-0.65422076
2.364046,-0.65729684
2.359045,-0.66038305
2.354045,-0.663481
2.3490438,-0.66659045
2.3440433,-0.6697103
2.3390431,-0.672841
2.334042,-0.67598367
2.3290415,-0.6791382
2.3240414,-0.6823039
2.3190403,-0.68548054
2.3140392,-0.6886686
2.309039,-0.6918677
2.3040385,-0.6950782
2.2990375,-0.6983014
2.2940373,-0.7015342
2.2890368,-0.70477957
2.2840357,-0.70803654
2.2790356,-0.7113029
2.2740345,-0.714583
2.269034,-0.71787435
2.2640333,-0.72117686
2.2590327,-0.7244899
2.2540321,-0.7278148
2.2490315,-0.731152
2.244031,-0.73450065
2.2390308,-0.73786086
2.2340298,-0.7412324
2.2290287,-0.7446158
2.2240286,-0.7480116
2.219028,-0.75141823
2.214027,-0.7548363
2.2090268,-0.75826573
2.2040262,-0.76170796
2.1990252,-0.76516163
2.194025,-0.7686269
2.189024,-0.77210295
2.1840234,-0.77559257
2.1790228,-0.7790922
2.1740222,-0.7826044
2.1690216,-0.786129
2.164021,-0.789665
2.1590204,-0.7932117
2.1540194,-0.7967726
2.1490192,-0.8003435
2.1440182,-0.8039274
2.1390176,-0.8075221
2.1340175,-0.81112874
2.1290164,-0.81474864
2.1240158,-0.8183787
2.1190157,-0.8220226
2.1140146,-0.8256778
2.1090136,-0.82934433
2.1040134,-0.83302295
2.0990129,-0.83671546
2.0940118,-0.840418
2.0890117,-0.8441342
2.084011,-0.8478614
2.07901,-0.851601
2.07401,-0.85535204
2.0690088,-0.8591162
2.0640087,-0.86289096
2.0590076,-0.86667913
2.054007,-0.8704794
2.049007,-0.8742922
2.0440059,-0.8781179
2.0390053,-0.88195395
2.0340052,-0.8858023
2.029004,-0.8896646
2.024003,-0.89353806
2.019003,-0.897424
2.0140023,-0.9013238
2.0090013,-0.90523314
2.0040011,-0.9091556
1.9990005,-0.9130914
1.9939995,-0.9170402
1.9889994,-0.9209992
1.9839983,-0.9249723
1.9789972,-0.9289574
1.9739971,-0.93295443
1.968996,-0.936965
1.9639959,-0.94098777
1.9589958,-0.94502234
1.9539948,-0.94906986
1.9489937,-0.95313156
1.9439936,-0.9572029
1.9389925,-0.9612871
1.9339924,-0.9653855
1.9289913,-0.9694967
1.9239912,-0.97361904
1.9189911,-0.97775453
1.91399,-0.9819032
1.908989,-0.9860644
1.9039888,-0.9902373
1.8989878,-0.9944243
1.8939867,-0.9986236
1.8889866,-1.0028358
1.8839855,-1.0070599
1.8789854,-1.0112973
1.8739853,-1.0155478
1.8689842,-1.019811
1.8639832,-1.0240874
1.858983,-1.0283761
1.853982,-1.0326773
1.8489819,-1.0369917
1.8439808,-1.0413187
1.8389807,-1.0456594
1.8339796,-1.0500128
1.8289795,-1.0543787
1.8239784,-1.0587584
1.8189774,-1.0631504
1.8139772,-1.0675546
1.8089762,-1.0719738
1.803976,-1.0764049
1.798975,-1.0808489
1.7939749,-1.0853063
1.7889738,-1.0897768
1.7839737,-1.09426
1.7789726,-1.0987566
1.7739716,-1.1032667
1.7689714,-1.1077898
1.7639713,-1.1123264
1.7589703,-1.116876
1.7539701,-1.1214379
1.7489691,-1.1260128
1.743969,-1.1306026
1.7389679,-1.1352037
1.7339668,-1.139821
1.7289667,-1.1444485
1.7239656,-1.1490912
1.7189655,-1.1537453
1.7139645,-1.1584139
1.7089643,-1.1630971
1.7039633,-1.167793
1.6989632,-1.172501
1.6939621,-1.1772228
1.688961,-1.1819583
1.6839609,-1.1867064
1.6789608,-1.1914696
1.6739597,-1.1962461
1.6689596,-1.2010359
1.6639585,-1.2058377
1.6589575,-1.2106539
1.6539574,-1.2154825
1.6489563,-1.2203277
1.6439552,-1.2251842
1.6389551,-1.2300531
1.633955,-1.2349379
1.6289539,-1.2398348
1.6239538,-1.244746
1.6189528,-1.249671
1.6139517,-1.2546098
1.6089516,-1.2595613
1.6039505,-1.2645261
1.5989504,-1.269505
1.5939503,-1.2744972
1.5889492,-1.2795045
1.5839491,-1.284524
1.578948,-1.289557
1.573947,-1.2946044
1.5689468,-1.2996649
1.5639458,-1.3047403
1.5589447,-1.3098282
1.5539446,-1.3149297
1.5489445,-1.3200468
1.5439434,-1.3251755
1.5389433,-1.3303187
1.5339422,-1.335476
1.5289412,-1.3406467
1.523941,-1.3458295
1.51894,-1.3510289
1.5139399,-1.3562417
1.5089397,-1.3614662
1.5039387,-1.3667059
1.4989376,-1.3719593
1.4939375,-1.3772261
1.4889364,-1.3825067
1.4839354,-1.3878024
1.4789352,-1.3931098
1.4739342,-1.3984327
1.468934,-1.4037685
1.463934,-1.4091176
1.4589329,-1.4144803
1.4539318,-1.4198574
1.4489317,-1.4252491
1.4439306,-1.4306548
1.4389305,-1.4360719
1.4339294,-1.4415042
1.4289293,-1.4469502
1.4239292,-1.4524103
1.4189281,-1.4578834
1.4139271,-1.4633727
1.408927,-1.4688716
1.4039259,-1.4743872
1.3989248,-1.4799155
1.3939247,-1.4854585
1.3889236,-1.4910148
1.3839235,-1.4965835
1.3789234,-1.5021663
1.3739223,-1.5077639
1.3689213,-1.5133756
1.3639212,-1.5189984
1.3589201,-1.5246364
1.35392,-1.5302906
1.3489189,-1.5359538
1.3439188,-1.5416347
1.3389177,-1.5473264
1.3339176,-1.553031
1.3289165,-1.5587515
1.3239155,-1.5644851
1.3189154,-1.5702317
1.3139143,-1.5759916
1.3089142,-1.581765
1.3039131,-1.5875518
1.298913,-1.5933529
1.2939119,-1.5991669
1.2889118,-1.6049955
1.2839108,-1.6108339
1.2789106,-1.6166897
1.2739096,-1.6225578
1.2689095,-1.6284379
1.2639084,-1.6343324
1.2589083,-1.6402386
1.2539072,-1.6461595
1.2489071,-1.6520928
1.243906,-1.658041
1.238905,-1.6640012
1.2339048,-1.6699736
1.2289038,-1.675961
1.2239037,-1.6819597
1.2189026,-1.6879725
1.2139025,-1.6939988
1.2089014,-1.7000365
1.2039013,-1.7060878
1.1989002,-1.7121503
1.1938992,-1.7182281
1.188899,-1.7243174
1.1838989,-1.7304196
1.1788979,-1.7365369
1.1738977,-1.7426642
1.1688967,-1.7488048
1.1638956,-1.7549572
1.1588955,-1.7611237
1.1538944,-1.7673011
1.1488934,-1.7734908
1.1438932,-1.7796961
1.1388931,-1.7859113
1.133892,-1.7921395
1.128892,-1.7983797
1.1238909,-1.8046318
1.1188898,-1.8108981
1.1138897,-1.8171742
1.1088886,-1.8234637
1.1038885,-1.8297629
1.0988884,-1.8360767
1.0938873,-1.8424025
1.0888872,-1.8487395
1.0838861,-1.8550875
1.0788851,-1.861449
1.073885,-1.8678195
1.0688839,-1.8742042
1.0638828,-1.8806001
1.0588827,-1.8870083
1.0538826,-1.8934261
1.0488815,-1.8998587
1.0438814,-1.9062992
1.0388803,-1.9127505
1.0338793,-1.9192164
1.0288792,-1.9256911
1.0238781,-1.9321768
1.018878,-1.9386756
1.0138779,-1.9451835
1.0088768,-1.9517031
1.0038757,-1.9582345
0.9988756,-1.9647756
0.99387455,-1.9713259
0.9888735,-1.9778908
0.98387337,-1.984463
0.9788723,-1.9910488
0.9738722,-1.9976425
0.9688721,-2.0042489
0.963871,-2.0108635
0.9588709,-2.0174904
0.9538698,-2.024125
0.94886875,-2.0307748
0.94386864,-2.0374293
0.93886757,-2.0440962
0.93386745,-2.0507731
0.92886734,-2.0574589
0.9238663,-2.064156
0.9188652,-2.070863
0.9138651,-2.0775797
0.908864,-2.084305
0.90386295,-2.0910387
0.89886284,-2.0977833
0.8938618,-2.1045368
0.88886166,-2.1113026
0.88386154,-2.118075
0.8788605,-2.1248574
0.8738594,-2.1316485
0.8688593,-2.1384497
0.8638582,-2.1452587
0.8588581,-2.1520755
0.85385704,-2.158904
0.8488569,-2.165738
0.84385586,-2.1725864
0.83885574,-2.1794398
0.8338547,-2.1863003
0.8288536,-2.1931717
0.8238535,-2.2000513
0.8188524,-2.2069392
0.8138523,-2.2138352
0.80885124,-2.220739
0.8038511,-2.2276504
0.79885006,-2.2345734
0.79384995,-2.2415018
0.7888489,-2.2484386
0.78384876,-2.255382
0.7788477,-2.262335
0.7738476,-2.269296
0.7688465,-2.2762625
0.7638464,-2.2832406
0.7588453,-2.2902234
0.7538452,-2.297215
0.74884415,-2.3042128
0.7438431,-2.3112192
0.73884296,-2.3182318
0.7338419,-2.3252518
0.7288418,-2.3322802
0.7238407,-2.3393154
0.7188406,-2.3463573
0.71383953,-2.3534067
0.7088394,-2.360463
0.70383835,-2.3675263
0.6988373,-2.374597
0.69383717,-2.381672
0.68883705,-2.3887577
0.683836,-2.3958464
0.67883587,-2.4029412
0.6738348,-2.4100447
0.66883373,-2.4171543
0.6638336,-2.4242709
0.65883255,-2.4313936
0.6538315,-2.4385247
0.64883137,-2.4456582
0.64383125,-2.4528008
0.6388302,-2.4599483
0.6338301,-2.467101
0.628829,-2.4742637
0.6238289,-2.4814281
0.6188278,-2.488602
0.61382675,-2.4957795
0.60882664,-2.502963
0.6038265,-2.510154
0.59882545,-2.5173485
0.59382534,-2.5245497
0.5888243,-2.5317578
0.5838232,-2.538969
0.5788231,-2.5461886
0.573822,-2.553415
0.56882095,-2.5606427
0.56382084,-2.5678768
0.5588207,-2.5751183
0.55381966,-2.582365
0.54881954,-2.589618
0.5438185,-2.596873
0.5388174,-2.6041384
0.5338173,-2.611402
0.5288162,-2.6186762
0.5238161,-2.6259537
0.518816,-2.6332364
0.5138149,-2.6405244
0.50881386,-2.6478193
0.50381374,-2.6551158
0.49881268,-2.6624215
0.4938116,-2.6697292
0.4888115,-2.6770415
0.48381042,-2.6843612
0.4788103,-2.6916838
0.4738102,-2.6990116
0.46880913,-2.7063437
0.463809,-2.7136807
0.45880795,-2.7210255
0.45380688,-2.728373
0.44880676,-2.7357242
0.4438057,-2.7430801
0.43880558,-2.750443
0.43380547,-2.7578075
0.4288044,-2.7651792
0.42380333,-2.7725542
0.41880322,-2.779934
0.41380215,-2.7873173
0.40880108,-2.7947063
0.40380096,-2.802096
0.3987999,-2.809496
0.39379978,-2.8168993
0.38879967,-2.8243032
0.3837986,-2.8317137
0.37879753,-2.8391292
0.37379742,-2.8465466
0.36879635,-2.853971
0.36379623,-2.8613982
0.35879517,-2.8688297
0.35379505,-2.8762639
0.34879398,-2.8837054
0.34379387,-2.8911479
0.3387928,-2.8985968
0.33379173,-2.906049
0.32879162,-2.9135034
0.32379055,-2.9209635
0.31879044,-2.928426
0.31378937,-2.935891
0.30878925,-2.9433646
0.30378914,-2.9508383
0.29878807,-2.9583182
0.293787,-2.9657974
0.2887869,-2.9732845
0.28378582,-2.9807737
0.2787857,-2.9882662
0.27378464,-2.9957626
0.26878452,-3.0032632
0.26378345,-3.0107667
0.25878334,-3.0182722
0.25378227,-3.0257814
0.2487812,-3.033293
0.24378109,-3.04081
0.23878002,-3.0483284
0.2337799,-3.055851
0.22877884,-3.0633764
0.22377872,-3.0709038
0.21877766,-3.0784357
0.21377754,-3.0859666
0.20877647,-3.093505
0.2037754,-3.1010437
0.19877529,-3.1085844
0.19377518,-3.1161284
0.18877411,-3.1236763
0.183774,-3.1312237
0.17877293,-3.138775
0.17377186,-3.1463284
0.16877174,-3.153882
0.16377068,-3.1614404
0.15876961,-3.1690006
0.1537695,-3.1765614
0.14876938,-3.1841235
0.14376831,-3.1916866
0.1387682,-3.199255
0.13376713,-3.2068214
0.12876701,-3.2143893
0.123765945,-3.2219586
0.11876488,-3.2295327
0.11376476,-3.237103
0.10876465,-3.2446744
0.10376358,-3.2522488
0.098763466,-3.2598248
0.0937624,-3.2673995
0.08876133,-3.2749727
0.083761215,-3.2825499
0.07876015,-3.2901258
0.07375908,-3.2977033
0.068758965,-3.3052793
0.06375885,-3.3128533
0.058757782,-3.3204284
0.053757668,-3.3280041
0.0487566,-3.335578
0.04375553,-3.343154
0.038755417,-3.3507257
0.03375435,-3.3582983
0.028754234,-3.365869
0.02375412,-3.373437
0.018753052,-3.3810067
0.013751984,-3.3885727
0.008751869,-3.3961353
0.003750801,-3.403698
-0.0012493134,-3.41126
-0.0062503815,-3.4188201
-0.01125145,-3.4263725
-0.016251564,-3.4339259
-0.021252632,-3.4414752
-0.026252747,-3.4490218
-0.03125286,-3.4565654
-0.03625393,-3.4641047
-0.041254997,-3.471642
-0.04625511,-3.4791765
-0.05125618,-3.4867063
-0.056256294,-3.4942281
-0.06125641,-3.5017488
-0.06625748,-3.5092673
-0.071258545,-3.516779
-0.07625961,-3.5242877
-0.08126068,-3.5317914
-0.08625984,-3.539285
-0.09126091,-3.5467768
-0.09626198,-3.554264
-0.10126209,-3.5617428
-0.10626316,-3.569217
-0.111263275,-3.5766823
-0.11626339,-3.5841446
-0.12126446,-3.591598
-0.12626553,-3.5990477
-0.13126564,-3.6064878
-0.13626671,-3.613922
-0.14126682,-3.6213458
-0.14626694,-3.6287642
-0.151268,-3.6361752
-0.15626907,-3.643579
-0.16127014,-3.6509733
-0.16627121,-3.6583571
-0.17127037,-3.6657338
-0.17627144,-3.673102
-0.1812725,-3.6804614
-0.18627262,-3.6878095
-0.19127369,-3.6951513
-0.19627476,-3.7024808
-0.20127392,-3.709799
-0.20627499,-3.7171113
-0.21127605,-3.7244084
-0.21627617,-3.7316988
-0.22127724,-3.738975
-0.2262783,-3.7462435
-0.23127747,-3.7534976
-0.23627853,-3.7607448
-0.2412796,-3.7679758
-0.24628067,-3.7751956
-0.25128174,-3.7824047
-0.2562809,-3.7896013
-0.26128197,-3.7967849
-0.26628304,-3.8039565
-0.27128315,-3.8111145
-0.27628422,-3.8182595
-0.2812853,-3.8253937
-0.28628445,-3.8325102
-0.2912855,-3.8396149
-0.29628658,-3.8467076
-0.3012867,-3.8537846
-0.30628777,-3.8608475
-0.31128883,-3.867898
-0.316288,-3.8749304
-0.32128906,-3.8819478
-0.32629013,-3.8889532
-0.3312912,-3.8959439
-0.33629227,-3.9029183
-0.34129238,-3.909877
-0.3462925,-3.9168184
-0.35129356,-3.9237452
-0.35629368,-3.9306579
-0.36129475,-3.937553
-0.3662958,-3.9444337
-0.37129593,-3.9512982
-0.37629604,-3.9581428
-0.3812971,-3.9649706
-0.38629723,-3.9717855
-0.3912983,-3.9785838
-0.39629936,-3.9853625
-0.40129852,-3.9921227
-0.4062996,-3.9988675
-0.41130066,-4.0055943
-0.41630173,-4.0123043
-0.4213028,-4.0189986
-0.4263029,-4.025671
-0.43130302,-4.0323257
-0.4363041,-4.038965
-0.4413042,-4.0455866
-0.44630527,-4.05219
-0.45130634,-4.0587735
-0.45630646,-4.0653377
-0.46130657,-4.071885
-0.46630764,-4.078413
-0.47130775,-4.0849237
-0.47630882,-4.0914145
-0.4813099,-4.097888
-0.48631096,-4.104343
-0.49131012,-4.110776
-0.4963112,-4.117192
-0.50131226,-4.1235886
-0.5063133,-4.129966
-0.51131344,-4.136327
-0.5163145,-4.1426673
-0.5213146,-4.1489844
-0.52631474,-4.155286
-0.5313158,-4.1615696
-0.5363169,-4.167833
-0.541317,-4.174075
-0.54631805,-4.180299
-0.55131817,-4.186503
-0.5563183,-4.192687
-0.56131935,-4.198856
-0.5663204,-4.205001
-0.5713215,-4.211128
-0.57632065,-4.2172337
-0.5813217,-4.2233243
-0.5863228,-4.229391
-0.59132385,-4.2354426
-0.59632397,-4.241473
-0.60132504,-4.2474833
-0.60632515,-4.2534733
-0.61132526,-4.259445
-0.61632633,-4.2653975
-0.6213274,-4.2713323
-0.6263275,-4.2772455
-0.6313286,-4.283139
-0.6363287,-4.289016
-0.6413288,-4.2948694
-0.6463299,-4.300705
-0.65133095,-4.306525
-0.656332,-4.3123255
-0.6613331,-4.318103
-0.66633224,-4.3238635
-0.6713333,-4.329603
-0.6763344,-4.335326
-0.6813345,-4.3410296
-0.68633556,-4.3467145
-0.69133663,-4.352381
-0.6963358,-4.35803
-0.70133686,-4.363655
-0.7063379,-4.3692646
-0.71133804,-4.374856
-0.7163391,-4.3804297
-0.7213402,-4.385982
-0.72633934,-4.391515
-0.7313404,-4.3970327
-0.7363415,-4.4025307
-0.74134254,-4.4080105
-0.7463436,-4.413471
-0.7513428,-4.418915
-0.75634384,-4.42434
-0.7613449,-4.4297466
-0.766345,-4.435133
-0.7713461,-4.440506
-0.77634716,-4.445859
-0.7813463,-4.451192
-0.7863474,-4.456508
-0.79134846,-4.4618063
-0.7963486,-4.467088
-0.80134964,-4.472352
-0.8063507,-4.4775963
-0.81134987,-4.4828215
-0.81635094,-4.4880323
-0.821352,-4.4932237
-0.8263531,-4.4983997
-0.83135414,-4.5035543
-0.83635426,-4.5086956
-0.84135437,-4.5138154
-0.84635544,-4.518919
-0.85135555,-4.5240035
-0.8563566,-4.5290756
-0.8613577,-4.534127
-0.8663578,-4.5391626
-0.8713579,-4.544177
-0.876359,-4.549177
-0.8813591,-4.554158
-0.88636017,-4.559123
-0.89136124,-4.5640717
-0.8963604,-4.568999
-0.90136147,-4.573913
-0.90636253,-4.5788054
-0.9113636,-4.5836854
-0.91636467,-4.588547
-0.9213648,-4.5933895
-0.9263649,-4.598213
-0.93136597,-4.6030226
-0.9363661,-4.6078124
-0.94136715,-4.6125875
-0.9463682,-4.6173434
-0.95136833,-4.6220818
-0.95636845,-4.626802
-0.9613695,-4.631507
-0.9663696,-4.636192
-0.9713707,-4.640863
-0.97637177,-4.645514
-0.98137283,-4.650146
-0.986372,-4.654763
-0.99137306,-4.659362
-0.99637413,-4.6639414
-1.0013752,-4.6685047
-1.0063753,-4.6730523
-1.0113764,-4.677578
-1.0163765,-4.682086
-1.0213766,-4.686578
-1.0263777,-4.6910524
-1.0313787,-4.695509
-1.0363789,-4.699948
-1.041379,-4.704366
-1.04638,-4.7087665
-1.0513802,-4.713151
-1.0563812,-4.7175183
-1.0613823,-4.721864
-1.0663834,-4.7261925
-1.0713825,-4.730503
-1.0763836,-4.7347937
-1.0813847,-4.739066
-1.0863857,-4.743325
-1.0913858,-4.7475605
-1.0963869,-4.7517786
-1.101387,-4.755978
-1.1063871,-4.760154
-1.1113882,-4.764318
-1.1163893,-4.768461
-1.1213894,-4.772585
-1.1263905,-4.776689
-1.1313906,-4.780774
-1.1363907,-4.7848425
-1.1413918,-4.788887
-1.1463928,-4.7929163
-1.1513939,-4.7969255
-1.156395,-4.800915
-1.1613941,-4.804884
-1.1663952,-4.8088355
-1.1713963,-4.812766
-1.1763964,-4.816675
-1.1813974,-4.8205676
-1.1863985,-4.82444
-1.1913977,-4.828294
-1.1963987,-4.8321247
-1.2013998,-4.8359375
-1.2063999,-4.83973
-1.211401,-4.843502
-1.2164011,-4.8472557
-1.2214012,-4.8509893
-1.2264023,-4.854699
-1.2314034,-4.8583927
-1.2364044,-4.8620653
-1.2414055,-4.865717
-1.2464046,-4.8693495
-1.2514057,-4.87296
-1.2564068,-4.876551
-1.2614069,-4.880125
-1.266408,-4.8836746
-1.271409,-4.887205
-1.2764082,-4.8907156
-1.2814093,-4.8942056
-1.2864103,-4.8976736
-1.2914104,-4.901119
-1.2964115,-4.90455
-1.3014126,-4.907955
-1.3064117,-4.911341
-1.3114128,-4.914709
-1.3164139,-4.9180546
-1.321415,-4.921376
-1.326416,-4.9246798
-1.3314161,-4.927964
-1.3364162,-4.931226
-1.3414173,-4.9344664
-1.3464174,-4.937688
-1.3514185,-4.9408884
-1.3564196,-4.944066
-1.3614197,-4.9472246
-1.3664198,-4.950361
-1.3714209,-4.9534764
-1.376421,-4.9565725
-1.381422,-4.959646
-1.3864231,-4.9626994
-1.3914223,-4.9657326
-1.3964233,-4.9687448
-1.4014244,-4.9717307
-1.4064255,-4.9747047
-1.4114265,-4.9776506
-1.4164267,-4.9805794
-1.4214268,-4.9834847
-1.4264278,-4.98637
-1.431428,-4.989238
-1.436429,-4.992079
-1.4414301,-4.9949
-1.4464302,-4.9977026
-1.4514303,-5.0004854
-1.4564314,-5.0032434
-1.4614315,-5.0059814
-1.4664326,-5.0086975
-1.4714336,-5.0113955
-1.4764347,-5.0140676
-1.4814339,-5.0167246
-1.4864349,-5.019355
-1.491436,-5.021965
-1.4964371,-5.024558
-1.5014372,-5.0271306
-1.5064383,-5.0296774
-1.5114384,-5.032204
-1.5164385,-5.034711
-1.5214396,-5.0372
-1.5264406,-5.039659
-1.5314407,-5.0421047
-1.5364408,-5.044526
-1.5414419,-5.0469275
-1.546442,-5.0493073
-1.5514431,-5.0516653
-1.5564442,-5.0540056
-1.5614452,-5.056323
-1.5664444,-5.058616
-1.5714455,-5.060892
-1.5764465,-5.0631485
-1.5814476,-5.065383
-1.5864477,-5.0675964
-1.5914488,-5.069788
-1.5964489,-5.07196
-1.601449,-5.074112
-1.6064501,-5.076236
-1.6114511,-5.0783453
-1.6164513,-5.0804367
-1.6214523,-5.0825005
-1.6264524,-5.084548
-1.6314526,-5.0865755
-1.6364536,-5.088583
-1.6414547,-5.0905704
-1.6464558,-5.092533
-1.6514568,-5.0944786
-1.656456,-5.096402
-1.6614571,-5.09831
-1.6664581,-5.1001935
-1.6714582,-5.1020584
-1.6764593,-5.103901
-1.6814594,-5.105727
-1.6864595,-5.1075325
-1.6914606,-5.1093187
-1.6964617,-5.1110835
-1.7014618,-5.112832
-1.7064629,-5.11456
-1.711463,-5.116269
-1.7164631,-5.1179566
-1.7214642,-5.119629
-1.7264652,-5.1212826
-1.7314663,-5.122913
-1.7364674,-5.124525
-1.7414665,-5.1261215
-1.7464676,-5.127694
-1.7514687,-5.1292553
-1.7564688,-5.130797
-1.7614698,-5.1323204
-1.7664709,-5.133828
-1.7714701,-5.135314
-1.7764711,-5.1367836
-1.7814722,-5.1382394
-1.7864723,-5.1396713
-1.7914734,-5.1410904
-1.7964745,-5.1424913
-1.8014736,-5.1438794
-1.8064747,-5.1452456
-1.8114758,-5.146598
-1.8164768,-5.1479335
-1.8214779,-5.1492558
-1.826478,-5.1505632
-1.8314781,-5.151848
-1.8364792,-5.15312
-1.8414793,-5.1543813
-1.8464804,-5.1556196
-1.8514814,-5.156847
-1.8564806,-5.158063
-1.8614817,-5.159255
-1.8664827,-5.1604424
-1.8714828,-5.1616106
-1.8764839,-5.1627655
-1.881485,-5.163906
-1.8864841,-5.1650324
-1.8914852,-5.166146
-1.8964863,-5.167248
-1.9014874,-5.16833
-1.9064884,-5.1694045
-1.9114885,-5.1704655
-1.9164886,-5.1715183
-1.9214897,-5.1725516
-1.9264898,-5.1735697
-1.9314909,-5.174578
-1.936492,-5.1755733
-1.9414921,-5.176559
-1.9464922,-5.1775312
-1.9514933,-5.1784945
-1.9564934,-5.1794434
-1.9614944,-5.1803827
-1.9664955,-5.181306
-1.9714966,-5.1822176
-1.9764957,-5.1831217
-1.9814968,-5.1840143
-1.9864979,-5.1848936
-1.991499,-5.1857643
-1.9964991,-5.1866236
-2.0015001,-5.187475
-2.0065002,-5.1883144
-2.0115004,-5.189138
-2.0165014,-5.189955
-2.0215025,-5.1907635
-2.0265026,-5.191558
-2.0315027,-5.192342
-2.0365038,-5.19312
-2.041504,-5.193887
-2.046505,-5.194643
-2.051506,-5.1953897
-2.056507,-5.196124
-2.0615063,-5.1968517
-2.0665073,-5.1975694
-2.0715084,-5.198277
-2.0765095,-5.1989756
-2.0815096,-5.199663
-2.0865107,-5.2003407
-2.0915108,-5.2010093
-2.096511,-5.2016716
-2.101512,-5.202322
-2.106513,-5.2029657
-2.1115131,-5.2035933
-2.1165142,-5.20422
-2.1215143,-5.204834
-2.1265144,-5.2054386
-2.1315155,-5.2060323
-2.1365166,-5.2066226
-2.1415176,-5.207202
-2.1465187,-5.207767
-2.1515179,-5.2083287
-2.156519,-5.208879
-2.16152,-5.209423
-2.16652,-5.209955
-2.1715212,-5.21048
-2.1765213,-5.210995
-2.1815214,-5.211504
-2.1865225,-5.2120004
-2.1915236,-5.212488
-2.1965237,-5.212972
-2.2015247,-5.2134447
-2.2065248,-5.2139077
-2.211525,-5.214363
-2.216526,-5.214814
-2.221527,-5.215246
-2.2265282,-5.215679
-2.2315292,-5.2160997
-2.2365284,-5.2165165
-2.2415295,-5.216917
-2.2465305,-5.2173166
-2.2515306,-5.2177024
-2.2565317,-5.2180786
-2.2615328,-5.2184534
-2.266532,-5.218816
-2.271533,-5.2191687
-2.276534,-5.219513
-2.2815342,-5.219853
-2.2865353,-5.220187
-2.2915363,-5.220503
-2.2965355,-5.220821
-2.3015366,-5.2211266
-2.3065376,-5.221425
-2.3115387,-5.221712
-2.3165398,-5.2219944
-2.321539,-5.22227
-2.32654,-5.222537
-2.331541,-5.222795
-2.3365412,-5.2230434
-2.3415422,-5.2232857
-2.3465433,-5.2235203
-2.3515425,-5.223751
-2.3565435,-5.223968
-2.3615446,-5.2241764
-2.3665447,-5.2243843
-2.3715458,-5.2245846
-2.3765469,-5.2247705
-2.381546,-5.2249537
-2.386547,-5.225128
-2.3915482,-5.225299
-2.3965492,-5.2254543
-2.4015503,-5.2256145
-2.4065504,-5.2257576
-2.4115505,-5.225896
-2.4165516,-5.2260265
-2.4215517,-5.226158
-2.4265528,-5.226274
-2.4315538,-5.2263813
-2.436554,-5.226492
-2.441554,-5.2265825
-2.4465551,-5.2266746
-2.4515553,-5.2267647
-2.4565563,-5.226839
-2.4615574,-5.226912
-2.4665585,-5.2269726
-2.4715576,-5.2270365
-2.4765587,-5.227087
-2.4815598,-5.227134
-2.4865608,-5.227173
-2.491561,-5.227211
-2.496561,-5.227235
-2.501562,-5.2272573
-2.5065622,-5.2272735
-2.5115633,-5.2272806
-2.5165644,-5.2272863
-2.5215645,-5.227288
-2.5265646,-5.227275
-2.5315657,-5.2272673
-2.5365658,-5.2272468
-2.5415668,-5.2272215
-2.546568,-5.2271957
-2.551569,-5.2271557
-2.5565681,-5.227115
-2.5615692,-5.2270703
-2.5665703,-5.2270207
-2.5715714,-5.226962
-2.5765715,-5.2269025
-2.5815725,-5.226837
-2.5865726,-5.2267675
-2.5915728,-5.226688
-2.5965738,-5.226606
-2.601575,-5.2265234
-2.606575,-5.226431
-2.611576,-5.2263365
-2.6165762,-5.2262344
-2.6215763,-5.2261343
-2.6265774,-5.2260256
-2.6315784,-5.225912
-2.6365795,-5.2257934
-2.6415806,-5.225671
-2.6465797,-5.225544
-2.6515808,-5.2254133
-2.6565819,-5.2252817
-2.661582,-5.225145
-2.666583,-5.224998
-2.6715832,-5.224855
-2.6765833,-5.224703
-2.6815844,-5.2245474
-2.6865854,-5.22439
-2.6915855,-5.22423
-2.6965866,-5.224058
-2.7015867,-5.2238936
-2.7065868,-5.2237206
-2.711588,-5.223545
-2.716589,-5.223363
-2.72159,-5.223183
-2.726591,-5.222996
-2.7315903,-5.2228074
-2.7365913,-5.2226143
-2.7415924,-5.2224164
-2.7465925,-5.2222166
-2.7515936,-5.2220182
-2.7565947,-5.2218094
-2.7615938,-5.2216005
-2.766595,-5.2213902
-2.771596,-5.221175
-2.776596,-5.2209554
-2.7815971,-5.220737
-2.7865982,-5.220515
-2.7915974,-5.220283
-2.7965984,-5.2200556
-2.8015995,-5.2198277
-2.8066006,-5.219591
-2.8116016,-5.2193537
-2.8166008,-5.2191153
-2.8216019,-5.218874
-2.826603,-5.2186317
-2.831603,-5.218384
-2.836604,-5.218135
-2.8416052,-5.217886
-2.8466043,-5.2176294
-2.8516054,-5.2173777
-2.8566065,-5.217119
-2.8616066,-5.216858
-2.8666077,-5.216595
-2.8716087,-5.216326
-2.876608,-5.2160625
-2.881609,-5.2157917
-2.88661,-5.2155247
-2.891611,-5.2152524
-2.8966122,-5.214978
-2.9016123,-5.2147036
-2.9066124,-5.2144184
-2.9116135,-5.214141
-2.9166136,-5.2138586
-2.9216146,-5.213574
-2.9266157,-5.2132864
-2.9316158,-5.2129974
-2.936616,-5.212708
-2.941617,-5.2124147
-2.9466171,-5.2121267
-2.9516182,-5.211832
-2.9566193,-5.2115326
-2.9616184,-5.211236
-2.9666195,-5.2109365
-2.9716206,-5.2106357
-2.9766216,-5.210334
-2.9816227,-5.210031
-2.9866228,-5.2097263
-2.991623,-5.209421
-2.996624,-5.209115
-3.001624,-5.208798
-3.0066252,-5.2084923
-3.0116262,-5.2081747
-3.0166264,-5.2078624
-3.0216265,-5.207549
-3.0266275,-5.2072334
-3.0316277,-5.2069182
-3.0366287,-5.206594
-3.0416298,-5.20628
-3.0466309,-5.2059546
-3.05163,-5.2056394
-3.056631,-5.205313
-3.0616322,-5.2049866
-3.0666332,-5.2046633
-3.0716333,-5.204336
-3.0766344,-5.2040086
-3.0816345,-5.203684
-3.0866346,-5.203349
-3.0916357,-5.203026
-3.0966368,-5.202686
-3.101637,-5.202356
-3.106638,-5.2020216
-3.111638,-5.2016883
-3.1166382,-5.201354
-3.1216393,-5.2010155
-3.1266403,-5.2006836
-3.1316414,-5.200344
-3.1366405,-5.2000074
-3.1416416,-5.1996675
-3.1466427,-5.1993294
-3.1516438,-5.198985
-3.1566439,-5.1986456
-3.161645,-5.1983013
-3.166645,-5.197956
-3.1716452,-5.1976147
-3.1766462,-5.1972704
-3.1816473,-5.196926
-3.1866474,-5.19658
-3.1916485,-5.1962323
-3.1966486,-5.1958885
-3.2016487,-5.19554
-3.2066498,-5.1951904
-3.2116508,-5.194846
-3.216652,-5.194495
-3.221653,-5.1941414
-3.2266521,-5.193794
-3.2316532,-5.1934385
-3.2366543,-5.1930866
-3.2416544,-5.1927347
-3.2466555,-5.1923876
-3.2516565,-5.1920323
-3.2566557,-5.191677
-3.2616568,-5.1913233
-3.2666578,-5.1909723
-3.271658,-5.1906157
-3.276659,-5.1902595
-3.28166,-5.1899033
-3.2866592,-5.189549
-3.2916603,-5.189191
-3.2966614,-5.188838
-3.3016624,-5.188477
-3.3066635,-5.1881256
-3.3116627,-5.1877646
-3.3166637,-5.1874065
-3.3216648,-5.1870456
-3.326665,-5.186692
-3.331666,-5.1863317
-3.336667,-5.185972
-3.3416662,-5.1856165
-3.3466673,-5.1852574
-3.3516684,-5.184894
-3.3566685,-5.184534
-3.3616695,-5.1841745
-3.3666706,-5.183817
-3.3716698,-5.1834536
-3.3766708,-5.1830926
-3.381672,-5.1827316
-3.386673,-5.1823754
-3.391674,-5.1820164
-3.3966742,-5.181653
-3.4016743,-5.181288
-3.4066753,-5.1809287
-3.4116755,-5.1805696
-3.4166765,-5.18021
-3.4216776,-5.179845
-3.4266777,-5.1794844
-3.4316778,-5.179125
-3.436679,-5.1787643
-3.441679,-5.178401
-3.44668,-5.178036
-3.4516811,-5.177677
-3.4566803,-5.1773176
-3.4616814,-5.1769543
-3.4666824,-5.1765947
-3.4716835,-5.1762314
-3.4766846,-5.175872
-3.4816847,-5.1755085
-3.4866848,-5.175151
-3.4916859,-5.1747847
-3.496686,-5.1744246
-3.501687,-5.1740675
-3.506688,-5.1737037
-3.5116882,-5.1733494
-3.5166883,-5.1729836
-3.5216894,-5.172626
-3.5266895,-5.172264
-3.5316906,-5.171902
-3.5366917,-5.171542
-3.5416927,-5.1711845
-3.546692,-5.170824
-3.551693,-5.1704597
-3.556694,-5.170101
-3.561695,-5.1697454
-3.5666952,-5.169386
-3.5716963,-5.1690273
-3.5766964,-5.168663
-3.5816965,-5.1683083
-3.5866976,-5.1679516
-3.5916986,-5.167591
-3.5966988,-5.1672373
-3.6016989,-5.1668777
-3.6067,-5.166517
-3.6117,-5.16616
-3.6167011,-5.165803
-3.6217022,-5.165447
-3.6267033,-5.1650853
-3.6317024,-5.164735
-3.6367035,-5.164383
-3.6417046,-5.1640234
-3.6467056,-5.163665
-3.6517057,-5.1633096
-3.6567068,-5.1629543
-3.661707,-5.1626005
-3.666707,-5.162245
-3.671708,-5.161893
-3.6767092,-5.1615415
-3.6817093,-5.161185
-3.6867104,-5.1608343
-3.6917105,-5.160475
-3.6967106,-5.1601214
-3.7017117,-5.159774
-3.7067127,-5.159417
-3.7117138,-5.159065
-3.7167149,-5.1587143
-3.721714,-5.1583586
-3.726715,-5.1580095
-3.7317162,-5.1576567
-3.7367163,-5.1573105
-3.7417173,-5.1569533
-3.7467184,-5.1566076
-3.7517176,-5.1562557
-3.7567186,-5.1559076
-3.7617197,-5.155553
-3.7667198,-5.1552076
-3.771721,-5.1548553
-3.776721,-5.154503
-3.781721,-5.1541595
-3.7867222,-5.1538153
-3.7917233,-5.1534653
-3.7967243,-5.1531143
-3.8017254,-5.152767
-3.8067245,-5.152419
-3.8117256,-5.152072
-3.8167267,-5.151724
-3.8217268,-5.1513777
-3.8267279,-5.151031
-3.831729,-5.1506853
-3.836728,-5.150338
-3.8417292,-5.149995
-3.8467302,-5.1496544
-3.8517303,-5.149306
-3.8567314,-5.1489553
-3.8617325,-5.1486177
-3.8667316,-5.1482725
-3.8717327,-5.1479273
-3.8767338,-5.147582
-3.8817348,-5.147235
-3.886736,-5.1468935
-3.891736,-5.146553
-3.8967361,-5.146203
-3.9017372,-5.1458626
-3.9067373,-5.1455193
-3.9117384,-5.145177
-3.9167395,-5.1448298
-3.9217396,-5.144497
-3.9267397,-5.1441555
-3.9317408,-5.1438036
-3.9367409,-5.143463
-3.941742,-5.1431255
-3.946743,-5.1427794
-3.9517422,-5.1424375
-3.9567432,-5.1420956
-3.9617443,-5.14176
-3.9667454,-5.1414137
-3.9717464,-5.141074
-3.9767466,-5.140733
-3.9817467,-5.1403875
-3.9867477,-5.1400485
-3.9917479,-5.1397095
-3.996749,-5.139371
-4.00175,-5.1390257
-4.00675,-5.138686
-4.01175,-5.1383505
-4.0167513,-5.1380033
-4.0217514,-5.1376677
-4.0267525,-5.137328
-4.0317535,-5.136982
-4.0367546,-5.1366405
-4.041754,-5.1363
-4.046755,-5.1359596
-4.051756,-5.135619
-4.056757,-5.1352825
-4.061757,-5.134942
-4.066758,-5.1345997
-4.0717583,-5.134255
-4.0767584,-5.133914
-4.0817595,-5.1335735
-4.0867605,-5.133238
-4.0917606,-5.1328926
-4.0967607,-5.132555
-4.101762,-5.132212
-4.106762,-5.1318607
-4.111763,-5.131528
-4.116764,-5.1311836
-4.121765,-5.1308465
-4.1267643,-5.1305013
-4.1317654,-5.1301565
-4.1367664,-5.129821
-4.1417675,-5.129474
-4.1467676,-5.1291323
-4.1517687,-5.1287932
-4.156769,-5.1284485
-4.161769,-5.1281047
-4.16677,-5.12776
-4.171771,-5.127417
-4.176771,-5.1270704
-4.181772,-5.126731
-4.1867723,-5.1263885
-4.1917725,-5.1260386
-4.1967735,-5.125694
-4.2017746,-5.1253495
-4.2067757,-5.1250043
-4.2117767,-5.1246634
-4.216776,-5.124321
-4.221777,-5.123966
-4.226778,-5.123621
-4.231778,-5.123279
-4.236779,-5.12293
-4.2417793,-5.1225824
-4.2467794,-5.1222353
-4.2517805,-5.1218867
-4.2567816,-5.1215363
-4.2617817,-5.1211877
-4.2667828,-5.120838
-4.271783,-5.120489
-4.276783,-5.120141
-4.281784,-5.119791
-4.286785,-5.1194377
-4.291786,-5.1190877
-4.2967873,-5.1187334
-4.3017864,-5.118383
-4.3067875,-5.118034
-4.3117886,-5.117678
-4.3167887,-5.1173296
-4.3217897,-5.116975
-4.326791,-5.116622
-4.33179,-5.1162634
-4.336791,-5.1159115
-4.341792,-5.1155596
-4.346792,-5.115197
-4.3517933,-5.1148443
-4.3567944,-5.114488
-4.3617935,-5.114131
-4.3667946,-5.113771
-4.3717957,-5.1134186
-4.3767967,-5.113058
-4.381798,-5.1126995
-4.386798,-5.112339
-4.391798,-5.1119757
-4.396799,-5.111615
-4.401799,-5.1112595
-4.4068003,-5.110898
-4.4118013,-5.1105328
-4.4168005,-5.1101685
-4.4218016,-5.109808
-4.4268026,-5.109439
-4.4318027,-5.1090794
-4.436804,-5.108715
-4.441805,-5.108345
-4.446804,-5.107982
-4.451805,-5.1076183
-4.456806,-5.10725
-4.4618073,-5.106879
-4.4668083,-5.106512
-4.4718084,-5.106146
-4.4768085,-5.105775
-4.4818096,-5.1054044
-4.4868097,-5.105038
-4.491811,-5.1046634
-4.496812,-5.104294
-4.501812,-5.1039205
-4.506812,-5.103546
-4.511813,-5.103177
-4.5168133,-5.102798
-4.5218143,-5.1024237
-4.5268154,-5.1020494
-4.5318165,-5.1016726
-4.5368156,-5.1013002
-4.5418167,-5.10092
-4.546818,-5.1005445
-4.551819,-5.100168
-4.556819,-5.099787
-4.56182,-5.0994043
-4.56682,-5.0990257
-4.5718203,-5.098646
-4.5768213,-5.0982656
-4.5818224,-5.097883
-4.5868225,-5.097507
-4.5918226,-5.097125
-4.5968237,-5.096739
-4.601824,-5.0963593
-4.606825,-5.0959735
-4.611826,-5.0955863
-4.616827,-5.0951996
-4.621826,-5.0948143
-4.6268272,-5.0944214
-4.6318283,-5.094033
-4.6368294,-5.0936522
-4.6418295,-5.093263
-4.6468306,-5.0928736
-4.6518307,-5.092482
-4.656831,-5.092086
-4.661832,-5.0917
-4.666833,-5.0913076
-4.671833,-5.0909166
-4.676834,-5.0905247
-4.681834,-5.09013
-4.6868343,-5.089741
-4.6918354,-5.0893397
-4.6968365,-5.0889454
-4.7018375,-5.0885496
-4.7068386,-5.0881515
-4.711838,-5.087757
-4.716839,-5.0873594
-4.72184,-5.0869603
-4.72684,-5.086566
-4.731841,-5.086169
-4.736841,-5.0857687
-4.7418413,-5.08536
-4.7468424,-5.084964
-4.7518435,-5.084563
-4.7568436,-5.0841618
-4.7618446,-5.0837593
-4.7668447,-5.0833545
-4.771845,-5.082952
-4.776846,-5.082548
-4.781847,-5.08214
-4.786848,-5.0817385
-4.791849,-5.081332
-4.7968483,-5.0809298
-4.8018494,-5.0805216
-4.8068504,-5.080112
-4.8118505,-5.0797033
-4.8168516,-5.0792947
-4.8218527,-5.0788865
-4.826852,-5.078473
-4.831853,-5.078064
-4.836854,-5.0776625
-4.841854,-5.07725
-4.846855,-5.0768385
-4.851856,-5.076428
-4.8568554,-5.0760126
-4.8618565,-5.0755997
-4.8668575,-5.075187
-4.8718586,-5.0747724
-4.8768597,-5.074359
-4.881859,-5.0739436
-4.88686,-5.0735326
-4.891861,-5.073117
-4.896861,-5.072697
-4.901862,-5.0722833
-4.906863,-5.071867
-4.9118624,-5.0714483
-4.9168634,-5.0710306
-4.9218645,-5.070611
-4.9268646,-5.070198
-4.9318657,-5.069781
-4.9368668,-5.069356
-4.941866,-5.06894
-4.946867,-5.06852
-4.951868,-5.068098
-4.956869,-5.0676775
-4.96187,-5.067255
-4.9668703,-5.066837
-4.9718704,-5.0664053
-4.9768715,-5.065989
-4.9818716,-5.065565
-4.9868727,-5.0651436
-4.9918737,-5.064722
-4.996874,-5.064294
-5.001874,-5.063868
-5.006875,-5.063442
-5.011875,-5.063019
-5.016876,-5.0625973
-5.0218773,-5.0621643
-5.0268784,-5.061739
-5.0318775,-5.0613165
-5.0368786,-5.06089
-5.0418797,-5.060463
-5.0468807,-5.0600405
-5.051881,-5.0596066
-5.056881,-5.059182
-5.061882,-5.0587435
-5.066882,-5.058318
-5.071883,-5.057892
-5.0768843,-5.057457
-5.0818844,-5.0570354
-5.0868845,-5.056601
-5.0918856,-5.0561705
-5.0968857,-5.0557394
-5.1018867,-5.0553083
-5.106888,-5.0548763
-5.111889,-5.054448
-5.116888,-5.0540104
-5.121889,-5.0535808
-5.12689,-5.0531425
-5.1318913,-5.0527134
-5.1368914,-5.052284
-5.1418924,-5.0518465
-5.1468925,-5.0514226
-5.1518927,-5.0509834
-5.1568937,-5.0505447
-5.161895,-5.05011
-5.166895,-5.0496755
-5.171896,-5.049244
-5.176896,-5.0488076
-5.181896,-5.0483747
-5.1868973,-5.0479355
-5.1918983,-5.0475
-5.1968994,-5.047063
-5.2019005,-5.0466332
-5.2068996,-5.0461926
-5.2119007,-5.0457516
-5.216902,-5.0453157
-5.221902,-5.04488
-5.226903,-5.0444403
-5.231903,-5.0440044
-5.236903,-5.0435653
-5.2419043,-5.043127
-5.2469053,-5.0426846
-5.2519054,-5.04225
-5.2569065,-5.0418143
-5.2619066,-5.0413733
-5.2669067,-5.0409307
-5.271908,-5.0404925
-5.276909,-5.040051
-5.28191,-5.039609
-5.286911,-5.039169
-5.29191,-5.0387287
-5.2969112,-5.0382895
-5.3019123,-5.0378475
-5.3069124,-5.037405
-5.3119135,-5.0369716
-5.3169146,-5.03652
-5.3219137,-5.0360813
-5.326915,-5.035638
-5.331916,-5.035197
-5.336916,-5.0347548
-5.341917,-5.0343084
-5.346918,-5.0338674
-5.3519173,-5.0334234
-5.3569183,-5.032982
-5.3619194,-5.0325394
-5.3669205,-5.032098
-5.3719215,-5.0316496
-5.3769207,-5.0312033
-5.381922,-5.0307617
-5.386923,-5.03032
-5.391923,-5.029869
-5.396924,-5.0294294
-5.401925,-5.02899
-5.4069242,-5.0285387
-5.4119253,-5.028099
-5.4169264,-5.027644
-5.4219265,-5.027198
-5.4269276,-5.0267534
-5.4319286,-5.026312
-5.436928,-5.0258656
-5.441929,-5.0254164
-5.44693,-5.024973
-5.451931,-5.0245237
-5.456932,-5.0240765
-5.461932,-5.0236287
-5.4669323,-5.023185
-5.4719334,-5.0227404
-5.4769335,-5.022293
-5.4819345,-5.0218444
-5.4869356,-5.0213966
-5.4919357,-5.0209484
-5.496936,-5.0204964
-5.501937,-5.0200477
-5.506937,-5.0196037
-5.511938,-5.0191507
-5.516939,-5.01871
-5.5219383,-5.018255
-5.5269394,-5.01781
-5.5319405,-5.0173583
-5.5369415,-5.0169125
-5.5419426,-5.0164595
-5.5469427,-5.0160108
-5.551943,-5.01556
-5.556944,-5.015115
-5.561944,-5.014661
-5.566945,-5.0142117
-5.571946,-5.0137606
-5.5769463,-5.0133066
-5.5819464,-5.0128603
-5.5869474,-5.012411
-5.5919476,-5.01196
-5.5969486,-5.0115128
-5.6019497,-5.011057
-5.6069508,-5.0106077
-5.61195,-5.0101585
-5.616951,-5.0097027
-5.621952,-5.0092525
-5.626953,-5.0087957
-5.6319532,-5.0083504
-5.6369543,-5.0078998
-5.6419544,-5.0074434
-5.6469545,-5.006991
-5.6519556,-5.006541
-5.6569567,-5.0060835
-5.661957,-5.0056353
-5.666958,-5.005189
-5.671958,-5.0047345
-5.676958,-5.00428
-5.681959,-5.003824
-5.68696,-5.0033703
-5.6919613,-5.002921
-5.6969604,-5.002467
-5.7019615,-5.0020123
-5.7069626,-5.00156
-5.7119637,-5.0011015
-5.716964,-5.0006557
-5.721965,-5.0001984
-5.726965,-4.9997444
-5.731965,-4.9992943
-5.736966,-4.998838
-5.741967,-4.9983864
-5.7469673,-4.9979305
-5.7519684,-4.9974785
-5.7569685,-4.997031
-5.7619686,-4.996573
-5.7669697,-4.9961166
-5.7719707,-4.9956603
-5.776972,-4.9952083
-5.781973,-4.9947567
-5.786972,-4.9943
-5.791973,-4.993844
-5.796974,-4.993392
-5.8019743,-4.992937
-5.8069754,-4.992482
-5.8119764,-4.99203
-5.8169756,-4.9915724
-5.8219767,-4.9911156
-5.8269777,-4.9906645
-5.831978,-4.9902086
-5.836979,-4.9897566
-5.84198,-4.989297
-5.846979,-4.988846
-5.85198,-4.988391
-5.8569813,-4.98794
-5.8619823,-4.987483
-5.8669834,-4.987029
-5.8719826,-4.986575
-5.8769836,-4.9861236
-5.8819847,-4.9856625
-5.886985,-4.9852066
-5.891986,-4.9847565
-5.896987,-4.984292
-5.901986,-4.9838386
-5.906987,-4.983389
-5.9119883,-4.98293
-5.9169884,-4.9824743
-5.9219894,-4.9820185
-5.9269905,-4.9815693
-5.9319897,-4.9811134
-5.9369907,-4.9806595
-5.941992,-4.9802046
-5.946993,-4.9797516
-5.951994,-4.979293
-5.956994,-4.978839
-5.961994,-4.9783854
-5.9669952,-4.9779243
-5.9719954,-4.977476
-5.9769964,-4.9770217
-5.9819975,-4.9765673
-5.9869976,-4.97611
-5.9919977,-4.9756603
-5.996999,-4.9752035
-6.001999,-4.974748
-6.007,-4.974298
-6.012001,-4.973839
-6.017,-4.9733872
-6.0220013,-4.972928
-6.0270023,-4.972479
-6.0320034,-4.972026
-6.0370045,-4.971571
-6.0420055,-4.971116
-6.0470047,-4.970664
-6.052006,-4.970209
-6.057007,-4.969761
-6.062008,-4.969304
-6.067007,-4.96885
-6.072008,-4.968401
-6.0770073,-4.9679513
-6.0820084,-4.967493
-6.0870094,-4.967044
-6.0920105,-4.9665866
-6.0970116,-4.966136
-6.1020126,-4.9656878
-6.107012,-4.965233
-6.112013,-4.9647818
-6.117014,-4.964328
-6.122015,-4.963867
-6.127016,-4.963434
-6.132015,-4.9629765
-6.1370163,-4.9625297
-6.1420174,-4.9620733
-6.1470184,-4.9616194
-6.1520176,-4.961175
-6.1570187,-4.960722
-6.162018,-4.960269
-6.167019,-4.959821
-6.17202,-4.959368
-6.177021,-4.9589224
-6.182022,-4.9584737
-6.187023,-4.9580255
-6.1920223,-4.9575796
-6.1970234,-4.957122
-6.2020245,-4.9566746
-6.2070255,-4.9562283
-6.2120266,-4.955779
-6.2170258,-4.9553275
-6.222027,-4.9548836
-6.227028,-4.9544373
-6.232029,-4.953988
-6.237028,-4.9535446
-6.242029,-4.9530907
-6.2470303,-4.952649
-6.2520294,-4.9521976
-6.2570305,-4.9517546
-6.2620316,-4.951312
-6.2670326,-4.9508643
-6.2720337,-4.9504175
-6.2770348,-4.9499726
-6.282034,-4.9495287
-6.287035,-4.9490814
-6.292036,-4.948639
-6.297037,-4.948193
-6.3020363,-4.947747
-6.3070374,-4.9473124
-6.3120384,-4.946863
-6.3170395,-4.946417
-6.3220387,-4.945977
-6.3270397,-4.945529
-6.332041,-4.945086
-6.33704,-4.9446516
-6.342041,-4.944206
-6.347042,-4.9437656
-6.352043,-4.943327
-6.357044,-4.9428816
-6.3620453,-4.9424434
-6.3670444,-4.941998
-6.3720455,-4.941557
-6.3770466,-4.9411216
-6.3820477,-4.940683
-6.387047,-4.9402437
-6.392048,-4.939807
-6.397049,-4.9393635
-6.40205,-4.9389257
-6.407049,-4.938491
-6.4120502,-4.938054
-6.4170513,-4.9376135
-6.4220524,-4.9371758
-6.4270515,-4.936736
-6.4320526,-4.936304
-6.4370537,-4.9358664
-6.4420547,-4.935432
-6.447056,-4.9349947
-6.452057,-4.9345617
-6.457056,-4.93413
-6.462057,-4.933695
-6.467058,-4.933263
-6.4720573,-4.932823
-6.4770584,-4.932392
-6.4820595,-4.93196
-6.4870605,-4.931527
-6.4920597,-4.9310913
-6.497061,-4.9306626
-6.502062,-4.930228
-6.507063,-4.9297986
-6.512062,-4.9293647
-6.517063,-4.9289303
-6.522064,-4.928506
-6.5270653,-4.928072
-6.5320663,-4.9276447
-6.5370674,-4.9272194
-6.5420666,-4.926792
-6.5470676,-4.926361
-6.5520687,-4.925936
-6.557068,-4.9255037
-6.562069,-4.9250717
-6.56707,-4.92465
-6.572071,-4.9242225
-6.57707,-4.9237933
-6.5820713,-4.923368
-6.5870724,-4.9229474
-6.5920734,-4.922521
-6.5970745,-4.9220953
-6.6020737,-4.9216747
-6.6070747,-4.9212523
-6.612076,-4.920823
-6.617077,-4.9204035
-6.622078,-4.919977
-6.627079,-4.9195485
-6.632078,-4.9191365
-6.6370792,-4.9187074
-6.6420784,-4.9182835
-6.6470795,-4.917868
-6.6520805,-4.9174485
-6.6570816,-4.917025
-6.662081,-4.916609
-6.667082,-4.916187
-6.672083,-4.9157696
-6.677084,-4.915353
-6.682085,-4.9149265
-6.687084,-4.9145136
-6.6920853,-4.914095
-6.6970863,-4.913679
-6.7020874,-4.9132633
-6.7070885,-4.912844
-6.7120895,-4.912427
-6.7170887,-4.91201
-6.72209,-4.9115973
-6.727089,-4.9111814
-6.73209,-4.9107637
-6.737091,-4.9103537
-6.742092,-4.909935
-6.7470913,-4.909524
-6.7520924,-4.909108
-6.7570934,-4.9086976
-6.7620945,-4.908285
-6.7670956,-4.9078736
-6.7720966,-4.9074597
-6.777096,-4.9070525
-6.782097,-4.9066386
-6.787098,-4.906227
-6.792099,-4.90582
-6.7971,-4.905405
-6.802099,-4.9050026
-6.8071003,-4.9045963
-6.8120995,-4.904178
-6.8171005,-4.9037685
-6.8221016,-4.903363
-6.8271027,-4.902957
-6.832102,-4.902548
-6.837103,-4.9021378
-6.842104,-4.9017324
-6.847105,-4.901327
-6.852106,-4.900923
-6.857107,-4.9005156
-6.8621063,-4.9001155
-6.8671074,-4.8997035
-6.8721085,-4.8993025
-6.8771095,-4.898897
-6.8821106,-4.898493
-6.8871098,-4.8980894
-6.892111,-4.897687
-6.89711,-4.8972864
-6.902111,-4.896885
-6.907112,-4.8964796
-6.912113,-4.8960752
-6.9171143,-4.8956785
-6.9221134,-4.8952713
-6.9271145,-4.8948736
-6.9321156,-4.894473
-6.9371166,-4.8940773
-6.9421177,-4.893672
-6.9471188,-4.8932815
-6.952118,-4.8928766
-6.957119,-4.892481
-6.96212,-4.892082
-6.967121,-4.8916807
-6.9721203,-4.891281
-6.9771214,-4.8908854
-6.9821205,-4.8904915
-6.9871216,-4.8900933
-6.9921227,-4.889697
-6.9971237,-4.8892965
-7.002125,-4.8889055
-7.007124,-4.8885107
-7.012125,-4.888113
-7.017126,-4.8877172
-7.022127,-4.8873224
-7.027128,-4.886933
-7.0321293,-4.8865457
-7.0371284,-4.8861485
-7.0421295,-4.8857536
-7.0471306,-4.885359
-7.0521317,-4.8849654
-7.057131,-4.8845744
-7.062132,-4.8841887
-7.067131,-4.883789
-7.072132,-4.883402
-7.077133,-4.8830113
-7.0821342,-4.8826184
-7.0871353,-4.882229
-7.0921364,-4.8818417
-7.0971355,-4.881455
-7.1021366,-4.8810654
-7.1071377,-4.880668
-7.1121387,-4.8802824
-7.11714,-4.879895
-7.122139,-4.879507
-7.12714,-4.8791256
-7.132141,-4.8787327
-7.137142,-4.8783474
-7.1421413,-4.87796
-7.1471424,-4.877573
-7.1521416,-4.877179
-7.1571426,-4.8767967
-7.1621437,-4.8764114
-7.167145,-4.876026
-7.172146,-4.875639
-7.177147,-4.8752584
-7.182146,-4.8748684
-7.187147,-4.874489
-7.192148,-4.8741007
-7.1971493,-4.8737173
-7.2021503,-4.873334
-7.2071495,-4.8729534
-7.2121506,-4.872569
-7.2171516,-4.8721867
-7.2221527,-4.871806
-7.227152,-4.8714223
-7.232153,-4.8710413
-7.237154,-4.8706536
-7.242153,-4.870274
-7.247154,-4.869895
-7.2521553,-4.8695164
-7.2571564,-4.869137
-7.2621574,-4.8687544
-7.2671585,-4.868371
-7.2721577,-4.8679914
-7.2771587,-4.867612
-7.28216,-4.8672333
-7.287161,-4.8668585
-7.29216,-4.8664756
-7.297161,-4.866103
-7.302162,-4.8657236
-7.3071632,-4.865345
-7.3121624,-4.864968
-7.3171635,-4.864587
-7.3221645,-4.864216
-7.3271637,-4.8638325
-7.332165,-4.863455
-7.337166,-4.863084
-7.342167,-4.862705
-7.347168,-4.8623285
-7.352169,-4.861952
-7.357168,-4.8615766
-7.3621693,-4.8611984
-7.3671703,-4.86083
-7.3721714,-4.8604517
-7.3771706,-4.860074
-7.3821716,-4.8597016
-7.3871727,-4.8593264
-7.392174,-4.8589506
-7.397173,-4.8585777
-7.402174,-4.858201
-7.407175,-4.857831
-7.412176,-4.857457
-7.4171753,-4.8570824
-7.4221764,-4.856714
-7.4271774,-4.8563404
-7.4321785,-4.855969
-7.4371796,-4.855595
-7.4421787,-4.8552284
-7.44718,-4.8548574
-7.452181,-4.8544827
-7.457182,-4.8541107
-7.462181,-4.8537416
-7.467182,-4.853366
-7.472183,-4.852995
-7.4771843,-4.852627
-7.4821835,-4.8522606
-7.4871845,-4.8518877
-7.4921856,-4.8515196
-7.4971867,-4.8511457
-7.502186,-4.8507786
-7.507187,-4.8504143
-7.512188,-4.8500423
-7.517189,-4.8496723
-7.52219,-4.849309
-7.527191,-4.848936
-7.5321903,-4.8485713
-7.5371914,-4.8482013
-7.5421925,-4.8478336
-7.5471916,-4.847473
-7.5521927,-4.8470984
-7.5571938,-4.8467317
-7.562195,-4.846363
-7.567194,-4.846004
-7.572195,-4.845635
-7.577196,-4.8452663
-7.582197,-4.844899
-7.5871983,-4.844536
-7.5921974,-4.844166
-7.5971985,-4.8438034
-7.6021996,-4.84344
-7.6072006,-4.8430767
-7.6122017,-4.8427052
-7.617201,-4.8423424
-7.622202,-4.8419785
-7.627203,-4.841614
-7.632202,-4.8412514
-7.637203,-4.8408895
-7.6422043,-4.84052
-7.6472054,-4.8401585
-7.6522045,-4.839795
-7.6572056,-4.8394327
-7.6622066,-4.839072
-7.6672077,-4.838704
-7.672209,-4.8383455
-7.677208,-4.8379846
-7.682209,-4.837617
-7.68721,-4.837264
-7.692211,-4.8368983
-7.697212,-4.83653
-7.7022133,-4.836176
-7.7072124,-4.835811
-7.7122135,-4.835451
-7.7172127,-4.8350925
-7.7222137,-4.834726
-7.727215,-4.834366
-7.732216,-4.834011
-7.737215,-4.833645
-7.742216,-4.8332915
-7.747217,-4.832925
-7.7522182,-4.8325653
-7.7572193,-4.8322067
-7.7622204,-4.831846
-7.7672195,-4.8314977
-7.7722206,-4.8311367
-7.7772217,-4.830775
-7.7822227,-4.830417
-7.787224,-4.8300543
-7.792223,-4.8296967
-7.797224,-4.829344
-7.802223,-4.8289833
-7.8072243,-4.8286247
-7.8122253,-4.82827
-7.8172264,-4.8279095
-7.8222256,-4.827559
-7.8272266,-4.827196
-7.8322277,-4.8268385
-7.837229,-4.826481
-7.84223,-4.8261275
-7.847231,-4.8257713
-7.85223,-4.8254137
-7.857231,-4.825059
-7.862232,-4.8246984
-7.8672333,-4.8243475
-7.8722343,-4.823994
-7.8772335,-4.82364
-7.8822346,-4.823284
-7.8872337,-4.8229294
-7.892235,-4.8225684
-7.897236,-4.822215
-7.902237,-4.8218613
-7.907238,-4.8215084
-7.912237,-4.8211513
-7.917238,-4.8208
-7.9222393,-4.820448
-7.9272404,-4.820093
-7.9322414,-4.8197384
-7.9372406,-4.8193855
-7.9422417,-4.8190327
-7.9472427,-4.8186817
-7.952244,-4.818326
-7.957245,-4.8179784
-7.962244,-4.817629
-7.967245,-4.8172665
-7.9722443,-4.8169174
-7.9772453,-4.8165693
-7.9822464,-4.8162155
-7.9872475,-4.8158617
-7.9922485,-4.8155103
-7.9972477,-4.8151636
-8.002249,-4.8148146
-8.00725,-4.814459
-8.012251,-4.814106
-8.017252,-4.813757
-8.022253,-4.813407
-8.027252,-4.813055
-8.032253,-4.812708
-8.037254,-4.8123593
-8.042255,-4.812009
-8.047255,-4.8116612
-8.052256,-4.8113093
-8.057255,-4.810959
-8.062256,-4.810605
-8.067257,-4.8102612
-8.072258,-4.8099127
-8.077259,-4.8095646
-8.082258,-4.8092165
-8.087259,-4.808867
-8.09226,-4.8085184
-8.097261,-4.8081713
-8.1022625,-4.8078237
-8.107264,-4.807475
-8.112263,-4.8071256
-8.117264,-4.8067775
-8.122265,-4.806428
-8.127266,-4.806088
-8.132265,-4.8057337
-8.137266,-4.8053913
-8.142265,-4.805045
-8.147266,-4.804697
-8.152267,-4.804351
-8.157269,-4.804002
-8.16227,-4.8036575
-8.167271,-4.8033113
-8.17227,-4.802965
-8.177271,-4.8026204
-8.182272,-4.8022733
-8.187273,-4.8019333
-8.192274,-4.801587
-8.197273,-4.801245
-8.202274,-4.8008966
-8.207275,-4.800556
-8.212276,-4.8002057
-8.217276,-4.7998643
-8.222277,-4.7995234
-8.227278,-4.7991753
-8.232277,-4.7988353
-8.237278,-4.7984877
-8.242279,-4.798147
-8.24728,-4.797799
-8.252281,-4.797451
-8.25728,-4.7971153
-8.262281,-4.796769
-8.2672825,-4.7964277
-8.272284,-4.7960854
-8.277285,-4.795745
-8.282284,-4.795402
-8.287285,-4.795062
-8.292286,-4.7947197
-8.297287,-4.794373
-8.302286,-4.7940326
-8.307287,-4.793689
-8.312288,-4.7933517
-8.317287,-4.793008
-8.3222885,-4.7926617
-8.32729,-4.7923193
-8.332291,-4.791983
-8.337292,-4.7916403
-8.342293,-4.791298
-8.347292,-4.7909613
-8.352293,-4.7906194
-8.357294,-4.7902784
-8.362295,-4.7899423
-8.367294,-4.7896023
-8.372295,-4.789256
-8.377296,-4.788921
-8.3822975,-4.788579
-8.387297,-4.7882423
-8.392298,-4.7879
-8.397299,-4.78756
-8.4023,-4.787223
-8.407299,-4.7868834
-8.4123,-4.786544
-8.417301,-4.7862053
-8.422302,-4.7858696
-8.427303,-4.785528
-8.432302,-4.785193
-8.437304,-4.7848525
-8.442305,-4.7845116
-8.447306,-4.78417
-8.452305,-4.7838345
-8.457306,-4.783497
-8.462307,-4.783162
-8.467308,-4.782823
-8.472307,-4.7824864
-8.477308,-4.782147
-8.482309,-4.781809
-8.48731,-4.7814703
-8.49231,-4.7811337
-8.497311,-4.780802
-8.502312,-4.7804604
-8.507313,-4.780129
-8.512314,-4.779787
-8.517315,-4.779455
-8.522314,-4.7791166
-8.527315,-4.7787833
-8.532316,-4.778446
-8.537315,-4.778104
-8.542316,-4.777774
-8.5473175,-4.777439
-8.552319,-4.7771053
-8.557318,-4.776765
-8.562319,-4.776429
-8.56732,-4.776094
-8.572321,-4.7757597
-8.57732,-4.7754273
-8.582321,-4.775092
-8.587322,-4.774756
-8.592323,-4.7744203
-8.597324,-4.774088
-8.602325,-4.773748
-8.607325,-4.7734203
-8.612326,-4.773079
-8.617327,-4.772746
-8.622326,-4.772415
-8.627327,-4.7720814
-8.632328,-4.771745
-8.637329,-4.771411
-8.642328,-4.771077
-8.647329,-4.7707453
-8.65233,-4.7704096
-8.657331,-4.7700734
-8.662333,-4.769742
-8.667332,-4.769406
-8.672333,-4.769075
-8.677334,-4.7687387
-8.682335,-4.7684054
-8.687336,-4.768073
-8.692337,-4.767747
-8.697336,-4.76741
-8.702337,-4.767078
-8.707336,-4.7667465
-8.7123375,-4.7664175
-8.717339,-4.766081
-8.72234,-4.765748
-8.727339,-4.765419
-8.73234,-4.7650833
-8.737341,-4.764757
-8.742342,-4.7644234
-8.747343,-4.7640886
-8.752342,-4.7637606
-8.757343,-4.763428
-8.762344,-4.763093
-8.767345,-4.762761
-8.7723465,-4.7624273
-8.777348,-4.7620964
-8.782347,-4.761766
-8.787348,-4.761432
-8.792347,-4.761103
-8.797348,-4.760768
-8.802349,-4.7604365
-8.80735,-4.7601104
-8.812349,-4.75978
-8.81735,-4.759444
-8.822351,-4.759116
-8.827353,-4.7587833
-8.832354,-4.7584543
-8.837355,-4.758121
-8.842354,-4.7577972
-8.847355,-4.7574625
-8.852356,-4.7571316
-8.857357,-4.756802
-8.862358,-4.7564707
-8.867357,-4.7561407
-8.872358,-4.755804
-8.8773575,-4.755481
-8.882359,-4.7551517
-8.88736,-4.754818
-8.892361,-4.7544875
-8.89736,-4.754162
-8.902361,-4.7538233
-8.907362,-4.7535043
-8.912363,-4.753172
-8.917364,-4.752837
-8.922365,-4.752508
-8.927364,-4.7521806
-8.932365,-4.751848
-8.9373665,-4.751524
-8.942368,-4.751195
-8.947369,-4.7508645
-8.952368,-4.750533
-8.957369,-4.750201
-8.962368,-4.749874
-8.967369,-4.7495465
-8.97237,-4.749214
-8.977371,-4.7488832
-8.982372,-4.7485547
-8.987371,-4.7482266
-8.9923725,-4.7478967
-8.997374,-4.747567
-9.002375,-4.74724
-9.007376,-4.746909
-9.012377,-4.746582
-9.017376,-4.7462506
-9.022377,-4.745923
-9.027378,-4.745595
-9.032379,-4.7452674
-9.037378,-4.7449365
-9.042379,-4.74461
-9.047379,-4.744277
-9.05238,-4.74395
-9.057381,-4.74362
-9.062382,-4.743294
-9.067383,-4.742962
-9.072382,-4.7426353
-9.077383,-4.742304
-9.082384,-4.741975
-9.087385,-4.741651
-9.092386,-4.7413187
-9.097387,-4.7409906
-9.102386,-4.7406645
-9.107388,-4.7403307
-9.112389,-4.7400074
-9.11739,-4.7396755
-9.122389,-4.7393465
-9.12739,-4.7390246
-9.132389,-4.7386894
-9.13739,-4.7383623
-9.142391,-4.7380366
-9.147392,-4.737709
-9.152393,-4.7373757
-9.157394,-4.73705
-9.162394,-4.736719
-9.167395,-4.736389
-9.172396,-4.736067
-9.177397,-4.7357283
-9.182398,-4.735407
-9.187397,-4.735078
-9.192398,-4.734749
-9.197399,-4.7344217
-9.2024,-4.7340946
-9.207399,-4.7337666
-9.2124,-4.7334337
-9.2174,-4.7331076
-9.222401,-4.7327824
-9.227402,-4.7324543
-9.232403,-4.732127
-9.237404,-4.7317963
-9.242405,-4.7314687
-9.247404,-4.731141
-9.252405,-4.730813
-9.257406,-4.730486
-9.262407,-4.7301517
-9.267408,-4.729828
-9.272408,-4.729501
-9.277409,-4.72917
-9.28241,-4.7288437
-9.287411,-4.7285166
-9.29241,-4.7281837
-9.297411,-4.727854
-9.302412,-4.727529
-9.307411,-4.7272034
-9.312412,-4.7268753
-9.317413,-4.7265444
-9.322414,-4.726215
-9.327415,-4.7258806
-9.332417,-4.725558
-9.337416,-4.72523
-9.342417,-4.724904
-9.347418,-4.724576
-9.352419,-4.724245
-9.357418,-4.7239213
-9.362419,-4.7235928
-9.36742,-4.7232614
-9.372421,-4.722938
-9.37742,-4.7226067
-9.3824215,-4.7222757
-9.387423,-4.7219515
-9.392422,-4.7216215
-9.397423,-4.7212934
-9.402424,-4.7209597
-9.407425,-4.7206335
-9.412426,-4.72031
-9.417427,-4.719985
-9.422426,-4.719655
-9.427427,-4.719324
-9.432428,-4.718996
-9.437429,-4.718668
-9.442429,-4.718341
-9.44743,-4.718006
-9.452431,-4.717683
-9.457432,-4.7173495
-9.462431,-4.7170234
-9.467432,-4.716696
-9.472433,-4.7163706
-9.477434,-4.7160435
-9.482433,-4.715712
-9.487434,-4.7153854
-9.492435,-4.7150593
-9.497437,-4.7147274
-9.502438,-4.7144012
-9.507439,-4.71407
-9.512438,-4.713744
-9.517439,-4.7134113
-9.52244,-4.7130804
-9.527439,-4.712756
-9.53244,-4.712425
-9.537441,-4.712099
-9.542442,-4.7117653
-9.5474415,-4.711446
-9.552443,-4.711112
-9.557444,-4.710786
-9.562445,-4.710451
-9.567444,-4.7101316
-9.572445,-4.709798
-9.577446,-4.709467
-9.582447,-4.7091436
-9.587448,-4.7088223
-9.592449,-4.7084856
-9.597448,-4.7081594
-9.602449,-4.707823
-9.6074505,-4.707497
-9.61245,-4.7071652
-9.617451,-4.7068434
-9.622452,-4.7065144
-9.627453,-4.706186
-9.632452,-4.7058573
-9.637453,-4.7055235
-9.642454,-4.7051973
-9.647455,-4.7048693
-9.652456,-4.7045445
-9.657455,-4.704216
-9.6624565,-4.703885
-9.667458,-4.7035522
-9.672459,-4.703228
-9.67746,-4.7028966
-9.682461,-4.702571
-9.68746,-4.702239
-9.692461,-4.70191
-9.69746,-4.701584
-9.702461,-4.701255
-9.707462,-4.700924
-9.712463,-4.700597
-9.717463,-4.700268
-9.722464,-4.699941
-9.727465,-4.6996145
-9.732466,-4.6992817
-9.737467,-4.6989536
-9.742466,-4.6986175
-9.747467,-4.6982956
-9.752468,-4.6979628
-9.757469,-4.697634
-9.76247,-4.697308
-9.767471,-4.696984
-9.77247,-4.6966534
-9.777472,-4.6963253
-9.782471,-4.6959934
-9.787472,-4.6956635
-9.792473,-4.6953363
-9.797474,-4.6950088
-9.802473,-4.694677
-9.807474,-4.6943493
-9.812475,-4.6940217
-9.817476,-4.6936927
-9.822477,-4.693365
-9.827478,-4.693035
-9.832478,-4.6927056
-9.837479,-4.6923814
-9.84248,-4.692052
-9.847481,-4.691718
-9.852482,-4.691389
-9.857481,-4.691062
-9.862482,-4.6907372
-9.867481,-4.6904035
-9.872482,-4.6900797
-9.877483,-4.689747
-9.882484,-4.689421
-9.887484,-4.6890907
-9.892485,-4.6887665
-9.897486,-4.688436
-9.902487,-4.6881065
-9.907488,-4.6877804
-9.912489,-4.6874523
-9.917488,-4.6871214
-9.922489,-4.6867905
-9.92749,-4.6864653
-9.932491,-4.6861343
-9.937492,-4.68581
-9.942492,-4.685482
-9.947493,-4.6851516
-9.952492,-4.684823
-9.957493,-4.6844974
-9.962494,-4.684167
-9.967495,-4.683836
-9.972496,-4.6835117
-9.977495,-4.68318
-9.982496,-4.6828537
-9.987497,-4.6825247
-9.992498,-4.6821966
-9.997499,-4.6818733
-9.997499,-4.6815414
-9.9924965,-4.6812153
-9.987497,-4.680887
-9.982498,-4.680554
-9.977495,-4.680233
-9.972496,-4.679904
-9.967494,-4.679577
-9.962494,-4.6792474
-9.957495,-4.67892
-9.952493,-4.6785965
-9.947493,-4.6782627
-9.942492,-4.677932
-9.937491,-4.6776114
-9.932489,-4.6772795
-9.92749,-4.6769557
-9.92249,-4.676628
-9.917488,-4.6763043
-9.912489,-4.675971
-9.907486,-4.675645
-9.902487,-4.675314
-9.897488,-4.6749907
-9.892485,-4.6746607
-9.8874855,-4.674339
-9.8824835,-4.6740055
-9.877483,-4.673679
-9.872482,-4.6733565
-9.867482,-4.673027
-9.862482,-4.672703
-9.857481,-4.6723766
-9.852481,-4.6720514
-9.847479,-4.6717224
-9.84248,-4.671397
-9.83748,-4.67107
-9.832478,-4.6707454
-9.827478,-4.670416
-9.822475,-4.6700916
-9.817476,-4.6697664
-9.812477,-4.6694403
-9.807474,-4.6691074
-9.802475,-4.6687856
-9.797473,-4.668459
-9.792473,-4.668133
-9.787472,-4.667811
-9.782472,-4.667482
-9.777472,-4.6671586
-9.77247,-4.66683
-9.76747,-4.6665063
-9.762468,-4.666182
-9.757469,-4.6658516
-9.752469,-4.6655307
-9.747467,-4.665205
-9.742468,-4.664878
-9.737465,-4.6645565
-9.732466,-4.6642265
-9.727464,-4.6639047
-9.722464,-4.663585
-9.717464,-4.6632576
-9.712462,-4.6629333
-9.707462,-4.6626043
-9.702461,-4.66228
-9.697461,-4.6619587
-9.692461,-4.6616344
-9.68746,-4.6613092
-9.68246,-4.660985
-9.677458,-4.66066
-9.672459,-4.6603427
-9.667459,-4.6600127
-9.6624565,-4.659688
-9.657457,-4.6593657
-9.652454,-4.6590424
-9.647455,-4.658716
-9.642453,-4.6583943
-9.637453,-4.6580687
-9.632454,-4.657748
-9.627452,-4.657428
-9.622452,-4.6571035
-9.617451,-4.6567793
-9.612451,-4.65646
-9.6074505,-4.6561365
-9.602449,-4.655817
-9.597449,-4.6554937
-9.592447,-4.655169
-9.587448,-4.6548433
-9.582445,-4.6545324
-9.577446,-4.654202
-9.572447,-4.6538777
-9.567444,-4.6535597
-9.562445,-4.6532383
-9.557443,-4.652917
-9.552443,-4.652595
-9.547443,-4.6522765
-9.542441,-4.6519547
-9.537441,-4.651636
-9.53244,-4.651315
-9.52744,-4.650992
-9.522438,-4.650664
-9.517439,-4.6503515
-9.512439,-4.6500278
-9.507437,-4.6497083
-9.502438,-4.6493874
-9.497435,-4.6490726
-9.492435,-4.6487474
-9.487436,-4.6484303
-9.482433,-4.6481123
-9.477434,-4.6477947
-9.472432,-4.6474743
-9.467432,-4.6471577
-9.462433,-4.6468344
-9.457431,-4.646515
-9.452431,-4.646202
-9.44743,-4.6458807
-9.44243,-4.645561
-9.4374275,-4.64524
-9.432428,-4.644925
-9.427428,-4.6446037
-9.422426,-4.644288
-9.417427,-4.643965
-9.412424,-4.6436515
-9.407425,-4.6433306
-9.402426,-4.64302
-9.397423,-4.6426983
-9.392424,-4.6423855
-9.387422,-4.642064
-9.3824215,-4.641754
-9.37742,-4.6414347
-9.37242,-4.641117
-9.36742,-4.640805
-9.362419,-4.640481
-9.357419,-4.640171
-9.352417,-4.6398497
-9.347418,-4.639535
-9.342418,-4.639224
-9.337416,-4.6389027
-9.332417,-4.6385903
-9.327414,-4.638277
-9.322414,-4.6379623
-9.317415,-4.6376467
-9.312412,-4.6373324
-9.307413,-4.637017
-9.302411,-4.636704
-9.297411,-4.63639
-9.29241,-4.636077
-9.28741,-4.6357646
-9.28241,-4.63545
-9.277409,-4.6351395
-9.2724085,-4.634821
-9.267406,-4.6345105
-9.262407,-4.6342006
-9.257407,-4.6338882
-9.252405,-4.6335735
-9.247406,-4.633259
-9.242403,-4.632951
-9.237404,-4.63264
-9.232402,-4.632326
-9.227402,-4.6320133
-9.222403,-4.6317005
-9.217401,-4.6313906
-9.2124,-4.6310806
-9.207399,-4.6307697
-9.202399,-4.630461
-9.197399,-4.630148
-9.192398,-4.629838
-9.187398,-4.6295233
-9.182396,-4.629219
-9.177397,-4.628909
-9.172397,-4.6286006
-9.167395,-4.628292
-9.1623955,-4.62798
-9.1573925,-4.6276703
-9.152393,-4.6273623
-9.147391,-4.627056
-9.142391,-4.6267424
-9.137392,-4.6264396
-9.13239,-4.626128
-9.12739,-4.6258235
-9.122389,-4.625518
-9.117389,-4.625208
-9.112389,-4.6249
-9.107388,-4.624592
-9.102387,-4.6242867
-9.097385,-4.6239786
-9.092386,-4.6236725
-9.087383,-4.6233654
-9.082384,-4.623063
-9.077385,-4.622757
-9.072382,-4.6224394
-9.067383,-4.6221395
-9.062381,-4.621841
-9.057381,-4.6215334
-9.0523815,-4.6212254
-9.0473795,-4.620924
-9.042379,-4.620618
-9.037378,-4.6203175
-9.032378,-4.6200075
-9.027378,-4.6196976
-9.022377,-4.619402
-9.017377,-4.619096
-9.012375,-4.6187906
-9.007376,-4.6184893
-9.002373,-4.618187
-8.997374,-4.6178885
-8.992374,-4.6175885
-8.987371,-4.617282
-8.982372,-4.616977
-8.97737,-4.6166754
-8.97237,-4.616371
-8.967371,-4.616075
-8.962369,-4.615771
-8.957369,-4.615467
-8.952368,-4.6151667
-8.947368,-4.614872
-8.942366,-4.614567
-8.9373665,-4.614271
-8.932366,-4.613966
-8.927364,-4.6136665
-8.922365,-4.61337
-8.917362,-4.6130695
-8.912363,-4.6127644
-8.907364,-4.612466
-8.902361,-4.612169
-8.897362,-4.6118712
-8.89236,-4.611574
-8.88736,-4.6112757
-8.88236,-4.610977
-8.877358,-4.6106734
-8.872358,-4.6103787
-8.867357,-4.61008
-8.862357,-4.609789
-8.857355,-4.6094837
-8.852356,-4.609189
-8.847356,-4.6088915
-8.842354,-4.6085973
-8.837355,-4.608303
-8.832352,-4.6080008
-8.827353,-4.607706
-8.822353,-4.6074133
-8.81735,-4.6071186
-8.812351,-4.6068206
-8.807349,-4.6065254
-8.802349,-4.6062284
-8.797348,-4.605935
-8.792348,-4.605642
-8.787348,-4.6053486
-8.782347,-4.605051
-8.777347,-4.6047587
-8.772345,-4.6044674
-8.767345,-4.604168
-8.762345,-4.603879
-8.757343,-4.603581
-8.752344,-4.6032934
-8.747341,-4.602997
-8.742342,-4.602707
-8.73734,-4.602418
-8.73234,-4.602121
-8.727341,-4.6018324
-8.722339,-4.6015387
-8.717339,-4.6012473
-8.7123375,-4.6009502
-8.707337,-4.6006627
-8.702337,-4.6003737
-8.697336,-4.6000834
-8.692336,-4.599789
-8.687334,-4.599505
-8.682335,-4.599209
-8.677335,-4.598922
-8.672333,-4.598629
-8.667334,-4.59834
-8.662331,-4.598051
-8.657331,-4.5977583
-8.652329,-4.597476
-8.647329,-4.597185
-8.64233,-4.5968966
-8.637328,-4.596609
-8.632328,-4.59632
-8.627327,-4.59603
-8.622327,-4.5957394
-8.617327,-4.5954537
-8.612326,-4.595175
-8.607326,-4.594882
-8.602324,-4.594595
-8.597324,-4.5943036
-8.592321,-4.594018
-8.587322,-4.593733
-8.582323,-4.5934453
-8.57732,-4.5931587
-8.572321,-4.5928736
-8.567319,-4.592587
-8.562319,-4.5922985
-8.55732,-4.592019
-8.552318,-4.59173
-8.5473175,-4.591445
-8.542316,-4.591159
-8.537316,-4.5908766
-8.532316,-4.590591
-8.527315,-4.590307
-8.522315,-4.59002
-8.517313,-4.589737
-8.512314,-4.589453
-8.507311,-4.5891733
-8.502312,-4.588883
-8.497313,-4.5886073
-8.49231,-4.5883155
-8.48731,-4.5880337
-8.482308,-4.5877523
-8.477308,-4.58747
-8.472309,-4.5871887
-8.467307,-4.5869074
-8.462307,-4.586621
-8.457306,-4.586337
-8.452306,-4.5860553
-8.447304,-4.585778
-8.442305,-4.585494
-8.4373045,-4.585211
-8.432302,-4.584931
-8.427303,-4.584649
-8.4223,-4.5843716
-8.417301,-4.584088
-8.412302,-4.5838118
-8.407299,-4.5835238
-8.4023,-4.583251
-8.397298,-4.5829697
-8.392298,-4.5826874
-8.387299,-4.582404
-8.382297,-4.582129
-8.377296,-4.5818434
-8.372295,-4.581568
-8.367295,-4.5812845
-8.362293,-4.581004
-8.357294,-4.5807276
-8.352294,-4.58045
-8.347292,-4.5801682
-8.342293,-4.5798903
-8.33729,-4.579612
-8.332291,-4.579333
-8.3272915,-4.579056
-8.3222885,-4.57878
-8.317289,-4.578498
-8.312287,-4.5782223
-8.307287,-4.577946
-8.302286,-4.577668
-8.297286,-4.5773897
-8.292286,-4.577113
-8.287285,-4.576834
-8.282285,-4.576559
-8.277283,-4.576281
-8.272284,-4.576004
-8.267283,-4.575728
-8.262281,-4.575451
-8.257282,-4.5751715
-8.252279,-4.574896
-8.24728,-4.574623
-8.242278,-4.5743456
-8.237278,-4.5740705
-8.232279,-4.573794
-8.227277,-4.5735207
-8.222277,-4.573245
-8.217276,-4.5729666
-8.2122755,-4.572692
-8.207275,-4.572414
-8.202274,-4.5721455
-8.197274,-4.571864
-8.192272,-4.571591
-8.187273,-4.571318
-8.182273,-4.571041
-8.177271,-4.570765
-8.172272,-4.5704927
-8.167269,-4.5702176
-8.16227,-4.569948
-8.157268,-4.5696726
-8.152267,-4.5693984
-8.147268,-4.5691195
-8.142266,-4.5688496
-8.137266,-4.568575
-8.132265,-4.568295
-8.127265,-4.5680246
-8.122265,-4.567751
-8.117264,-4.5674767
-8.112264,-4.5672035
-8.107262,-4.5669336
-8.1022625,-4.566663
-8.0972595,-4.566387
-8.09226,-4.5661135
-8.087261,-4.5658402
-8.082258,-4.5655665
-8.077259,-4.565293
-8.072257,-4.56502
-8.067257,-4.564748
-8.062258,-4.5644746
-8.057256,-4.564203
-8.052256,-4.5639277
-8.047255,-4.563657
-8.042254,-4.5633826
-8.037254,-4.5631123
-8.032253,-4.5628395
-8.027253,-4.562564
-8.022251,-4.562295
-8.017252,-4.5620203
-8.012249,-4.561754
-8.00725,-4.5614786
-8.002251,-4.561205
-7.997248,-4.560931
-7.9922485,-4.5606647
-7.9872465,-4.5603943
-7.982247,-4.5601177
-7.977247,-4.559848
-7.972245,-4.559573
-7.9672456,-4.5593038
-7.9622436,-4.5590343
-7.957244,-4.5587606
-7.952242,-4.5584893
-7.9472423,-4.558215
-7.9422426,-4.557949
-7.9372406,-4.557672
-7.932241,-4.5574083
-7.927239,-4.5571322
-7.9222393,-4.556863
-7.9172397,-4.5565934
-7.9122376,-4.5563183
-7.907238,-4.556055
-7.902236,-4.5557747
-7.8972363,-4.555504
-7.8922367,-4.555237
-7.8872347,-4.5549583
-7.882235,-4.5546904
-7.877233,-4.5544252
-7.8722334,-4.5541496
-7.8672314,-4.5538797
-7.8622317,-4.553609
-7.857232,-4.5533357
-7.85223,-4.55307
-7.8472304,-4.5527973
-7.8422284,-4.55252
-7.837229,-4.552253
-7.832229,-4.551977
-7.827227,-4.551716
-7.8222275,-4.551442
-7.8172255,-4.5511684
-7.812226,-4.5508976
-7.807224,-4.5506268
-7.802224,-4.5503597
-7.7972245,-4.5500836
-7.7922225,-4.549816
-7.787223,-4.549542
-7.782221,-4.5492735
-7.777221,-4.5490026
-7.7722216,-4.548728
-7.7672195,-4.548463
-7.76222,-4.548193
-7.757218,-4.5479207
-7.7522182,-4.5476465
-7.7472186,-4.5473723
-7.7422166,-4.547101
-7.737217,-4.546829
-7.732215,-4.5465603
-7.7272153,-4.5462904
-7.7222133,-4.546018
-7.7172136,-4.545747
-7.712214,-4.54548
-7.707212,-4.545205
-7.7022123,-4.544932
-7.6972103,-4.5446596
-7.6922107,-4.5443926
-7.687211,-4.5441146
-7.682209,-4.5438433
-7.6772094,-4.543577
-7.6722074,-4.5433035
-7.6672077,-4.5430346
-7.6622057,-4.542757
-7.657206,-4.542489
-7.6522064,-4.5422187
-7.6472044,-4.541943
-7.6422048,-4.541669
-7.6372027,-4.541404
-7.632203,-4.541129
-7.6272035,-4.5408545
-7.6222014,-4.5405846
-7.617202,-4.54031
-7.6122,-4.540042
-7.6072,-4.5397644
-7.6022005,-4.5394917
-7.5971985,-4.5392246
-7.592199,-4.538948
-7.587197,-4.5386744
-7.582197,-4.5384026
-7.577195,-4.5381308
-7.5721955,-4.537857
-7.567196,-4.5375853
-7.562194,-4.537312
-7.557194,-4.537039
-7.552192,-4.536764
-7.5471926,-4.5364923
-7.542193,-4.5362244
-7.537191,-4.535944
-7.5321913,-4.535675
-7.5271893,-4.5354023
-7.5221896,-4.535128
-7.5171876,-4.534851
-7.512188,-4.5345745
-7.5071883,-4.53431
-7.5021863,-4.5340323
-7.4971867,-4.533751
-7.4921846,-4.5334787
-7.487185,-4.533206
-7.4821854,-4.5329304
-7.4771833,-4.532658
-7.4721837,-4.532383
-7.4671817,-4.532107
-7.462182,-4.531831
-7.45718,-4.531556
-7.4521804,-4.531285
-7.4471807,-4.5310106
-7.4421787,-4.530733
-7.437179,-4.530459
-7.432177,-4.530181
-7.4271774,-4.529909
-7.422178,-4.5296335
-7.417176,-4.529359
-7.412176,-4.5290785
-7.407174,-4.528802
-7.4021745,-4.5285254
-7.397175,-4.52825
-7.392173,-4.5279675
-7.387173,-4.5277014
-7.382171,-4.527416
-7.3771715,-4.5271482
-7.3721695,-4.526867
-7.36717,-4.5265894
-7.36217,-4.52631
-7.357168,-4.5260377
-7.3521686,-4.525756
-7.3471665,-4.525482
-7.342167,-4.5252013
-7.3371673,-4.524925
-7.3321652,-4.524645
-7.3271656,-4.524371
-7.3221636,-4.524093
-7.317164,-4.523815
-7.312162,-4.523534
-7.3071623,-4.5232587
-7.3021626,-4.522977
-7.2971606,-4.5226965
-7.292161,-4.522419
-7.287159,-4.5221357
-7.2821593,-4.5218573
-7.2771597,-4.521577
-7.2721577,-4.5212936
-7.267158,-4.52102
-7.262156,-4.5207415
-7.2571564,-4.520458
-7.2521567,-4.520178
-7.2471547,-4.5198927
-7.242155,-4.5196166
-7.237153,-4.5193357
-7.2321534,-4.519049
-7.2271514,-4.5187755
-7.2221518,-4.518491
-7.217152,-4.5182095
-7.21215,-4.517929
-7.2071505,-4.5176463
-7.2021484,-4.5173674
-7.197149,-4.5170813
-7.192149,-4.5168
-7.187147,-4.516515
-7.1821475,-4.5162354
-7.1771455,-4.515953
-7.172146,-4.5156693
-7.167144,-4.515379
-7.162144,-4.5151033
-7.1571445,-4.5148163
-7.1521425,-4.514534
-7.147143,-4.514249
-7.142141,-4.5139637
-7.137141,-4.5136833
-7.1321416,-4.513398
-7.1271396,-4.513111
-7.12214,-4.512826
-7.117138,-4.512544
-7.1121383,-4.5122557
-7.1071386,-4.511968
-7.1021366,-4.511687
-7.097137,-4.5114017
-7.092135,-4.51111
-7.0871353,-4.510824
-7.0821333,-4.510538
-7.0771337,-4.51025
-7.072134,-4.5099697
-7.067132,-4.509678
-7.0621324,-4.5093937
-7.0571303,-4.509101
-7.0521307,-4.508816
-7.047131,-4.508527
-7.042129,-4.5082397
-7.0371294,-4.5079494
-7.0321274,-4.507663
-7.0271277,-4.507371
-7.0221257,-4.5070863
-7.017126,-4.506796
-7.0121264,-4.5065064
-7.0071244,-4.506216
-7.002125,-4.5059233
-6.997123,-4.5056343
-6.992123,-4.5053473
-6.9871235,-4.5050545
-6.9821215,-4.5047636
-6.977122,-4.5044694
-6.97212,-4.504181
-6.96712,-4.5038915
-6.962118,-4.503599
-6.9571185,-4.5033064
-6.952119,-4.5030174
-6.947117,-4.502723
-6.942117,-4.50243
-6.937115,-4.5021377
-6.9321156,-4.5018435
-6.927116,-4.5015507
-6.922114,-4.5012608
-6.9171143,-4.50097
-6.912112,-4.500674
-6.9071126,-4.5003715
-6.902113,-4.500083
-6.897111,-4.4997826
-6.8921113,-4.499492
-6.8871093,-4.499194
-6.8821096,-4.498902
-6.8771076,-4.4986067
-6.872108,-4.4983068
-6.8671083,-4.4980097
-6.8621063,-4.4977117
-6.8571067,-4.4974184
-6.8521047,-4.497122
-6.847105,-4.4968233
-6.8421054,-4.4965296
-6.8371034,-4.4962344
-6.8321037,-4.4959354
-6.8271017,-4.495635
-6.822102,-4.4953394
-6.8171,-4.495039
-6.8121004,-4.494744
-6.807101,-4.4944363
-6.8020988,-4.4941373
-6.797099,-4.4938397
-6.792097,-4.493538
-6.7870975,-4.4932413
-6.782098,-4.492943
-6.777096,-4.4926424
-6.772096,-4.492342
-6.767094,-4.492038
-6.7620945,-4.4917383
-6.757095,-4.491431
-6.752093,-4.4911337
-6.747093,-4.4908295
-6.742091,-4.4905295
-6.7370915,-4.490228
-6.7320895,-4.4899187
-6.72709,-4.489616
-6.7220902,-4.489316
-6.717088,-4.4890122
-6.7120886,-4.4887104
-6.7070866,-4.488407
-6.702087,-4.4881
-6.6970873,-4.487795
-6.6920853,-4.4874883
-6.6870856,-4.487187
-6.6820836,-4.4868803
-6.677084,-4.48657
-6.672082,-4.48627
-6.6670823,-4.485964
-6.6620827,-4.4856515
-6.6570807,-4.4853435
-6.652081,-4.48504
-6.647079,-4.4847326
-6.6420794,-4.4844275
-6.6370797,-4.484117
-6.6320777,-4.4838114
-6.627078,-4.483499
-6.622076,-4.4831915
-6.6170764,-4.4828825
-6.6120768,-4.482568
-6.6070747,-4.4822645
-6.602075,-4.4819517
-6.597073,-4.4816427
-6.5920734,-4.48133
-6.5870714,-4.481021
-6.582072,-4.480713
-6.577072,-4.4804
-6.57207,-4.4800854
-6.5670705,-4.479777
-6.5620685,-4.4794636
-6.557069,-4.479145
-6.552069,-4.4788394
-6.547067,-4.4785223
-6.5420675,-4.4782076
-6.5370655,-4.4778953
-6.532066,-4.4775796
-6.527064,-4.477272
-6.522064,-4.4769588
-6.5170646,-4.47664
-6.5120625,-4.476324
-6.507063,-4.4760084
-6.502061,-4.4756956
-6.4970613,-4.475379
-6.4920616,-4.4750605
-6.4870596,-4.4747458
-6.48206,-4.474432
-6.477058,-4.4741163
-6.4720583,-4.473792
-6.4670587,-4.4734726
-6.4620566,-4.4731603
-6.457057,-4.4728403
-6.452055,-4.4725227
-6.4470553,-4.4721975
-6.4420533,-4.471884
-6.4370537,-4.471564
-6.432054,-4.47124
-6.427052,-4.4709215
-6.4220524,-4.4706044
-6.4170504,-4.4702797
-6.4120507,-4.469964
-6.407051,-4.46964
-6.402049,-4.4693174
-6.3970494,-4.468993
-6.3920474,-4.468675
-6.387048,-4.4683566
-6.3820457,-4.4680266
-6.377046,-4.4677095
-6.3720465,-4.4673867
-6.3670444,-4.467063
-6.362045,-4.466732
-6.357043,-4.4664145
-6.352043,-4.4660845
-6.3470435,-4.46576
-6.3420415,-4.4654374
-6.337042,-4.465114
-6.33204,-4.464786
-6.32704,-4.4644594
-6.3220406,-4.464139
-6.3170385,-4.463805
-6.312039,-4.4634843
-6.307037,-4.463154
-6.3020372,-4.462824
-6.297035,-4.4624968
-6.2920356,-4.4621716
-6.287036,-4.4618397
-6.282034,-4.461515
-6.2770343,-4.4611855
-6.2720323,-4.4608536
-6.2670326,-4.4605236
-6.262033,-4.460195
-6.257031,-4.45986
-6.2520313,-4.4595375
-6.2470293,-4.459203
-6.2420297,-4.458872
-6.2370276,-4.458541
-6.232028,-4.4582095
-6.2270284,-4.4578753
-6.2220263,-4.457544
-6.2170267,-4.4572086
-6.2120247,-4.4568787
-6.207025,-4.4565487
-6.2020254,-4.4562106
-6.1970234,-4.455876
-6.1920238,-4.4555397
-6.1870217,-4.455205
-6.182022,-4.454876
-6.17702,-4.454536
-6.1720204,-4.4542036
-6.167021,-4.453867
-6.162019,-4.4535236
-6.157019,-4.453194
-6.152017,-4.452859
-6.1470175,-4.4525166
-6.142018,-4.45218
-6.137016,-4.4518414
-6.132016,-4.4515038
-6.127014,-4.4511657
-6.1220145,-4.450831
-6.117015,-4.4504867
-6.112013,-4.45015
-6.107013,-4.4498134
-6.102011,-4.4494715
-6.0970116,-4.4491305
-6.0920095,-4.44879
-6.08701,-4.4484468
-6.0820103,-4.448107
-6.0770082,-4.4477677
-6.0720086,-4.4474225
-6.0670066,-4.4470797
-6.062007,-4.4467406
-6.0570073,-4.4463983
-6.0520053,-4.4460473
-6.0470057,-4.4457088
-6.0420036,-4.445365
-6.037004,-4.4450216
-6.032002,-4.444676
-6.0270023,-4.4443364
-6.0220027,-4.4439883
-6.0170007,-4.4436426
-6.012001,-4.4432983
-6.006999,-4.4429526
-6.0019994,-4.4426045
-5.9969997,-4.4422617
-5.9919977,-4.441908
-5.986998,-4.441563
-5.981996,-4.4412146
-5.9769964,-4.4408684
-5.971997,-4.4405203
-5.966995,-4.4401717
-5.961995,-4.4398203
-5.956993,-4.4394727
-5.9519935,-4.4391246
-5.9469914,-4.4387794
-5.941992,-4.438426
-5.936992,-4.438075
-5.93199,-4.43772
-5.9269905,-4.437375
-5.9219885,-4.4370213
-5.916989,-4.436669
-5.911989,-4.4363213
-5.906987,-4.435965
-5.9019876,-4.4356127
-5.8969855,-4.435261
-5.891986,-4.434908
-5.886984,-4.434551
-5.881984,-4.434203
-5.8769846,-4.4338446
-5.8719826,-4.433489
-5.866983,-4.433137
-5.861981,-4.4327793
-5.8569813,-4.4324293
-5.8519816,-4.4320717
-5.8469796,-4.431714
-5.84198,-4.4313564
-5.836978,-4.4309974
-5.8319783,-4.430642
-5.8269787,-4.4302835
-5.8219767,-4.429925
-5.816977,-4.4295664
-5.811975,-4.4292126
-5.8069754,-4.4288516
-5.8019733,-4.428493
-5.7969737,-4.4281335
-5.791974,-4.4277706
-5.786972,-4.4274116
-5.7819724,-4.427052
-5.7769704,-4.426691
-5.7719707,-4.426335
-5.766971,-4.425971
-5.761969,-4.425605
-5.7569695,-4.425249
-5.7519674,-4.4248915
-5.746968,-4.4245214
-5.741966,-4.424163
-5.736966,-4.4237976
-5.7319665,-4.4234324
-5.7269645,-4.423067
-5.721965,-4.422705
-5.716963,-4.4223433
-5.711963,-4.421972
-5.7069635,-4.421611
-5.7019615,-4.4212456
-5.696962,-4.420876
-5.69196,-4.420514
-5.68696,-4.4201455
-5.681958,-4.4197807
-5.6769586,-4.4194117
-5.671959,-4.419045
-5.666957,-4.418683
-5.6619573,-4.41831
-5.6569552,-4.4179435
-5.6519556,-4.4175715
-5.646956,-4.4172015
-5.641954,-4.4168334
-5.6369543,-4.416466
-5.6319523,-4.416095
-5.6269526,-4.4157233
-5.621953,-4.415353
-5.616951,-4.414982
-5.6119514,-4.414612
-5.6069493,-4.414236
-5.6019497,-4.4138694
-5.5969477,-4.413496
-5.591948,-4.413122
-5.5869484,-4.4127526
-5.5819464,-4.412375
-5.5769467,-4.4120045
-5.5719447,-4.4116325
-5.566945,-4.411251
-5.5619454,-4.410885
-5.5569434,-4.4105062
-5.551944,-4.4101267
-5.5469418,-4.409751
-5.541942,-4.40938
-5.53694,-4.4090033
-5.5319405,-4.4086266
-5.526941,-4.408251
-5.521939,-4.407874
-5.516939,-4.4074974
-5.511937,-4.407119
-5.5069375,-4.4067383
-5.501938,-4.406359
-5.496936,-4.405982
-5.491936,-4.4056015
-5.486934,-4.40522
-5.4819345,-4.4048443
-5.476935,-4.40447
-5.471933,-4.4040833
-5.4669333,-4.403703
-5.461931,-4.4033237
-5.4569316,-4.4029436
-5.4519296,-4.402565
-5.44693,-4.4021807
-5.4419303,-4.4017935
-5.4369283,-4.4014125
-5.4319286,-4.40103
-5.4269266,-4.400649
-5.421927,-4.4002624
-5.4169273,-4.3998823
-5.4119253,-4.3994923
-5.4069257,-4.3991103
-5.4019237,-4.3987217
-5.396924,-4.3983393
-5.391922,-4.397956
-5.3869224,-4.3975677
-5.3819227,-4.3971786
-5.3769207,-4.3967957
-5.371921,-4.39641
-5.366919,-4.396022
-5.3619194,-4.395635
-5.35692,-4.3952465
-5.3519177,-4.3948555
-5.346918,-4.3944693
-5.341916,-4.3940763
-5.3369164,-4.3936925
-5.331917,-4.3933005
-5.326915,-4.3929152
-5.321915,-4.392522
-5.316913,-4.392129
-5.3119135,-4.3917437
-5.3069115,-4.3913507
-5.301912,-4.390956
-5.296912,-4.390567
-5.29191,-4.3901744
-5.2869105,-4.38978
-5.2819085,-4.3893857
-5.276909,-4.3889904
-5.271909,-4.3886023
-5.266907,-4.3882103
-5.2619076,-4.3878117
-5.2569056,-4.387418
-5.251906,-4.38702
-5.246904,-4.386624
-5.2419043,-4.386234
-5.2369046,-4.385834
-5.2319026,-4.3854427
-5.226903,-4.385045
-5.221901,-4.3846474
-5.2169013,-4.3842497
-5.2119017,-4.383851
-5.2068996,-4.3834534
-5.2019,-4.3830547
-5.196898,-4.382654
-5.1918983,-4.382261
-5.1868987,-4.3818607
-5.1818967,-4.3814588
-5.176897,-4.3810544
-5.171895,-4.380654
-5.1668954,-4.380254
-5.1618934,-4.3798575
-5.1568937,-4.3794584
-5.151894,-4.3790517
-5.146892,-4.378651
-5.1418924,-4.378247
-5.1368904,-4.3778443
-5.131891,-4.377439
-5.126891,-4.377038
-5.121889,-4.376634
-5.1168895,-4.376234
-5.1118875,-4.375826
-5.106888,-4.375418
-5.101886,-4.375017
-5.096886,-4.37461
-5.0918865,-4.37421
-5.0868845,-4.3738003
-5.081885,-4.3733935
-5.076883,-4.372979
-5.071883,-4.372581
-5.0668836,-4.372173
-5.0618815,-4.371763
-5.056882,-4.371357
-5.05188,-4.3709416
-5.0468802,-4.370534
-5.0418806,-4.370124
-5.0368786,-4.3697205
-5.031879,-4.3693047
-5.026877,-4.3688946
-5.0218773,-4.3684907
-5.0168753,-4.3680725
-5.0118756,-4.3676624
-5.006876,-4.36725
-5.001874,-4.3668375
-4.9968743,-4.3664217
-4.9918723,-4.3660135
-4.9868727,-4.3655977
-4.981873,-4.3651857
-4.976871,-4.3647714
-4.9718714,-4.3643546
-4.9668694,-4.363946
-4.9618697,-4.3635263
-4.9568677,-4.363108
-4.951868,-4.3626947
-4.9468684,-4.3622804
-4.9418664,-4.361862
-4.9368668,-4.3614435
-4.9318647,-4.3610244
-4.926865,-4.36061
-4.9218655,-4.36019
-4.9168634,-4.3597703
-4.911864,-4.3593526
-4.906862,-4.358935
-4.901862,-4.3585157
-4.89686,-4.358096
-4.8918605,-4.357675
-4.886861,-4.3572526
-4.881859,-4.3568296
-4.876859,-4.356412
-4.871857,-4.3559875
-4.8668575,-4.3555627
-4.861858,-4.3551426
-4.856856,-4.35472
-4.851856,-4.3542976
-4.846854,-4.353872
-4.8418546,-4.353446
-4.836855,-4.3530235
-4.831853,-4.352599
-4.8268533,-4.352171
-4.8218513,-4.351749
-4.8168516,-4.351321
-4.8118496,-4.3508945
-4.80685,-4.350466
-4.8018503,-4.3500433
-4.7968483,-4.349611
-4.7918487,-4.349183
-4.7868466,-4.34875
-4.781847,-4.3483276
-4.7768474,-4.347896
-4.7718453,-4.3474627
-4.7668457,-4.3470373
-4.7618437,-4.346607
-4.756844,-4.346173
-4.751842,-4.3457417
-4.7468424,-4.3453083
-4.7418427,-4.3448763
-4.7368407,-4.3444433
-4.731841,-4.344013
-4.726839,-4.3435802
-4.7218394,-4.3431406
-4.71684,-4.3427095
-4.711838,-4.3422775
-4.706838,-4.341841
-4.701836,-4.3414
-4.6968365,-4.340967
-4.691837,-4.3405247
-4.686835,-4.3400965
-4.681835,-4.339654
-4.676833,-4.339219
-4.6718335,-4.3387775
-4.6668315,-4.338339
-4.661832,-4.337901
-4.656832,-4.337461
-4.65183,-4.337021
-4.6468306,-4.3365808
-4.6418285,-4.3361473
-4.636829,-4.335702
-4.6318293,-4.335259
-4.6268272,-4.334813
-4.6218276,-4.3343782
-4.6168256,-4.3339286
-4.611826,-4.333485
-4.606824,-4.333043
-4.6018243,-4.3325996
-4.5968246,-4.3321524
-4.5918226,-4.331708
-4.586823,-4.3312593
-4.581821,-4.3308144
-4.5768213,-4.33037
-4.5718217,-4.3299193
-4.5668197,-4.3294744
-4.56182,-4.3290286
-4.556818,-4.32858
-4.5518184,-4.328127
-4.5468187,-4.327679
-4.5418167,-4.327226
-4.536817,-4.3267827
-4.531815,-4.3263307
-4.5268154,-4.325879
-4.5218134,-4.325425
-4.5168138,-4.324976
-4.511814,-4.3245215
-4.506812,-4.3240643
-4.5018125,-4.3236113
-4.4968104,-4.323157
-4.491811,-4.3227015
-4.486811,-4.3222504
-4.481809,-4.321791
-4.4768095,-4.3213377
-4.4718075,-4.320881
-4.466808,-4.320422
-4.461806,-4.3199635
-4.456806,-4.3195043
-4.4518065,-4.3190475
-4.4468045,-4.3185854
-4.441805,-4.318128
-4.436803,-4.3176646
-4.431803,-4.3172026
-4.4268036,-4.316745
-4.4218016,-4.3162785
-4.416802,-4.3158197
-4.4118,-4.3153553
-4.4068003,-4.314892
-4.4017982,-4.3144245
-4.3967986,-4.313965
-4.391799,-4.313495
-4.386797,-4.3130293
-4.3817973,-4.312562
-4.3767953,-4.3120975
-4.3717957,-4.311632
-4.366796,-4.311157
-4.361794,-4.3106947
-4.3567944,-4.3102236
-4.3517923,-4.3097563
-4.3467927,-4.3092837
-4.341793,-4.30881
-4.336791,-4.30834
-4.3317914,-4.307867
-4.3267894,-4.3073945
-4.3217897,-4.306926
-4.3167877,-4.3064566
-4.311788,-4.305981
-4.3067884,-4.305498
-4.3017864,-4.305025
-4.296787,-4.304551
-4.291785,-4.304074
-4.286785,-4.3035927
-4.2817855,-4.303115
-4.2767835,-4.3026357
-4.271784,-4.302157
-4.266782,-4.3016744
-4.261782,-4.301197
-4.25678,-4.3007197
-4.2517805,-4.3002377
-4.246781,-4.299758
-4.241779,-4.2992735
-4.236779,-4.2987895
-4.231777,-4.2983055
-4.2267776,-4.297818
-4.221778,-4.29733
-4.216776,-4.296845
-4.2117763,-4.296362
-4.206774,-4.2958694
-4.2017746,-4.295383
-4.196775,-4.294896
-4.191773,-4.294408
-4.1867733,-4.293915
-4.1817713,-4.2934237
-4.1767716,-4.2929344
-4.1717696,-4.2924433
-4.16677,-4.2919493
-4.1617703,-4.2914524
-4.1567683,-4.290957
-4.1517687,-4.2904696
-4.1467667,-4.28997
-4.141767,-4.2894735
-4.1367674,-4.288975
-4.1317654,-4.288481
-4.1267657,-4.287979
-4.1217637,-4.287476
-4.116764,-4.286977
-4.111762,-4.28648
-4.1067624,-4.285979
-4.101763,-4.2854757
-4.0967607,-4.284974
-4.091761,-4.2844706
-4.086759,-4.283968
-4.0817595,-4.283458
-4.07676,-4.282955
-4.071758,-4.2824492
-4.066758,-4.2819376
-4.061756,-4.2814326
-4.0567565,-4.280925
-4.051757,-4.2804117
-4.046755,-4.279901
-4.041755,-4.2793913
-4.036753,-4.278878
-4.0317535,-4.278367
-4.0267515,-4.2778544
-4.021752,-4.277334
-4.0167522,-4.276822
-4.01175,-4.276304
-4.0067506,-4.275786
-4.0017486,-4.2752686
-3.996749,-4.2747498
-3.9917493,-4.274231
-3.9867473,-4.2737103
-3.9817476,-4.273187
-3.9767456,-4.2726703
-3.971746,-4.2721453
-3.966744,-4.2716208
-3.9617443,-4.271098
-3.9567447,-4.27057
-3.9517426,-4.270041
-3.946743,-4.269518
-3.941741,-4.2689857
-3.9367414,-4.2684565
-3.9317417,-4.2679253
-3.9267397,-4.267395
-3.92174,-4.266861
-3.916738,-4.266328
-3.9117384,-4.265798
-3.9067388,-4.2652626
-3.9017367,-4.264727
-3.896737,-4.2641883
-3.891735,-4.2636485
-3.8867354,-4.2631145
-3.8817334,-4.262573
-3.8767338,-4.2620287
-3.8717341,-4.26149
-3.8667321,-4.2609425
-3.8617325,-4.2603946
-3.8567305,-4.2598586
-3.8517308,-4.2593117
-3.8467312,-4.2587614
-3.8417292,-4.258217
-3.8367295,-4.2576685
-3.8317275,-4.2571177
-3.8267279,-4.256569
-3.8217258,-4.2560177
-3.8167262,-4.255458
-3.8117266,-4.2549033
-3.8067245,-4.2543483
-3.801725,-4.253794
-3.796723,-4.2532387
-3.7917233,-4.252677
-3.7867236,-4.2521167
-3.7817216,-4.2515593
-3.776722,-4.2509956
-3.77172,-4.250429
-3.7667203,-4.249869
-3.7617207,-4.249302
-3.7567186,-4.2487383
-3.751719,-4.248171
-3.746717,-4.2476015
-3.7417173,-4.2470293
-3.7367153,-4.2464585
-3.7317157,-4.245887
-3.726716,-4.245312
-3.721714,-4.2447386
-3.7167144,-4.24416
-3.7117124,-4.243584
-3.7067127,-4.243009
-3.701713,-4.2424293
-3.696711,-4.241845
-3.6917114,-4.2412624
-3.6867094,-4.2406797
-3.6817098,-4.240094
-3.6767077,-4.2395115
-3.671708,-4.238925
-3.6667085,-4.2383337
-3.6617064,-4.2377462
-3.6567068,-4.2371535
-3.6517048,-4.236557
-3.6467052,-4.235961
-3.6417055,-4.235369
-3.6367035,-4.2347755
-3.6317039,-4.234177
-3.6267018,-4.233578
-3.6217022,-4.232975
-3.6167002,-4.2323713
-3.6117005,-4.2317724
-3.606701,-4.2311697
-3.6016989,-4.2305574
-3.5966992,-4.229954
-3.5916972,-4.2293406
-3.5866976,-4.228735
-3.581698,-4.2281203
-3.576696,-4.2275047
-3.5716963,-4.2268925
-3.5666943,-4.2262745
-3.5616946,-4.225656
-3.556695,-4.225039
-3.551693,-4.2244167
-3.5466933,-4.223797
-3.5416913,-4.2231703
-3.5366917,-4.222547
-3.5316896,-4.221918
-3.52669,-4.221289
-3.5216904,-4.2206583
-3.5166883,-4.220027
-3.5116887,-4.2193956
-3.5066867,-4.2187576
-3.501687,-4.2181215
-3.4966874,-4.217487
-3.4916854,-4.216842
-3.4866858,-4.216202
-3.4816837,-4.2155585
-3.476684,-4.214915
-3.471682,-4.2142696
-3.4666824,-4.2136183
-3.4616828,-4.21297
-3.4566808,-4.212317
-3.4516811,-4.211665
-3.446679,-4.211013
-3.4416795,-4.2103558
-3.4366798,-4.2096953
-3.4316778,-4.209034
-3.4266782,-4.208376
-3.4216762,-4.2077103
-3.4166765,-4.2070417
-3.411677,-4.2063766
-3.4066749,-4.205707
-3.4016752,-4.205034
-3.3966732,-4.2043633
-3.3916736,-4.20369
-3.3866715,-4.2030096
-3.381672,-4.2023306
-3.3766723,-4.201651
-3.3716702,-4.2009673
-3.3666706,-4.200286
-3.3616686,-4.1995993
-3.356669,-4.198911
-3.3516693,-4.198221
-3.3466673,-4.197528
-3.3416677,-4.196836
-3.3366656,-4.196141
-3.331666,-4.195444
-3.326664,-4.194738
-3.3216643,-4.1940403
-3.3166647,-4.1933384
-3.3116627,-4.192631
-3.306663,-4.1919246
-3.301661,-4.1912103
-3.2966614,-4.1904993
-3.2916617,-4.189788
-3.2866597,-4.189072
-3.28166,-4.188353
-3.276658,-4.187631
-3.2716584,-4.1869097
-3.2666588,-4.186184
-3.2616568,-4.1854563
-3.2566571,-4.18473
-3.251655,-4.183997
-3.2466555,-4.1832657
-3.2416534,-4.1825266
-3.2366538,-4.1817894
-3.2316542,-4.181051
-3.2266521,-4.180307
-3.2216525,-4.179563
-3.2166505,-4.178818
-3.2116508,-4.1780667
-3.2066512,-4.1773167
-3.2016492,-4.1765623
-3.1966496,-4.175808
-3.1916475,-4.175048
-3.186648,-4.174283
-3.1816459,-4.1735253
-3.1766462,-4.1727595
-3.1716466,-4.17199
-3.1666446,-4.171219
-3.161645,-4.1704483
-3.156643,-4.1696715
-3.1516433,-4.168891
-3.1466436,-4.168117
-3.1416416,-4.167334
-3.136642,-4.166549
-3.13164,-4.1657557
-3.1266403,-4.1649666
-3.1216383,-4.1641746
-3.1166387,-4.1633806
-3.111639,-4.1625824
-3.106637,-4.161786
-3.1016374,-4.1609807
-3.0966353,-4.1601744
-3.0916357,-4.159366
-3.086636,-4.1585593
-3.081634,-4.1577406
-3.0766344,-4.156928
-3.0716324,-4.156109
-3.0666327,-4.155288
-3.061633,-4.154463
-3.056631,-4.1536374
-3.0516315,-4.1528053
-3.0466294,-4.1519747
-3.0416298,-4.151141
-3.0366278,-4.1503024
-3.0316281,-4.149458
-3.0266285,-4.148618
-3.0216265,-4.1477737
-3.0166268,-4.146921
-3.0116248,-4.1460705
-3.0066252,-4.145215
-3.0016255,-4.144359
-2.9966235,-4.143496
-2.9916239,-4.142636
-2.9866219,-4.141772
-2.9816222,-4.1408987
-2.9766202,-4.140027
-2.9716206,-4.139153
-2.966621,-4.138272
-2.961619,-4.1373925
-2.9566193,-4.1365104
-2.9516172,-4.135622
-2.9466176,-4.134733
-2.941618,-4.1338353
-2.936616,-4.1329427
-2.9316163,-4.1320424
-2.9266143,-4.1311417
-2.9216146,-4.1302333
-2.916615,-4.129323
-2.911613,-4.1284113
-2.9066133,-4.1274953
-2.9016113,-4.126581
-2.8966117,-4.125654
-2.8916097,-4.1247277
-2.88661,-4.123804
-2.8816104,-4.1228714
-2.8766084,-4.121935
-2.8716087,-4.1209955
-2.8666067,-4.120056
-2.861607,-4.119109
-2.8566074,-4.118163
-2.8516054,-4.117211
-2.8466058,-4.1162553
-2.8416038,-4.1152954
-2.836604,-4.114336
-2.831602,-4.113369
-2.8266025,-4.112399
-2.8216028,-4.1114283
-2.8166008,-4.110452
-2.8116012,-4.109472
-2.8065991,-4.108484
-2.8015995,-4.107501
-2.7965999,-4.1065073
-2.7915978,-4.105517
-2.7865982,-4.104518
-2.7815962,-4.1035156
-2.7765965,-4.1025076
-2.771597,-4.1014996
-2.766595,-4.1004868
-2.7615952,-4.09947
-2.7565932,-4.0984507
-2.7515936,-4.0974283
-2.7465916,-4.0963984
-2.741592,-4.0953665
-2.7365923,-4.094327
-2.7315903,-4.0932937
-2.7265906,-4.092243
-2.7215886,-4.0911965
-2.716589,-4.090144
-2.7115893,-4.089089
-2.7065873,-4.088029
-2.7015877,-4.0869637
-2.6965857,-4.085894
-2.691586,-4.084823
-2.686584,-4.083743
-2.6815844,-4.082664
-2.6765847,-4.081578
-2.6715827,-4.0804877
-2.666583,-4.0793943
-2.661581,-4.0782948
-2.6565814,-4.0771947
-2.6515818,-4.0760856
-2.6465797,-4.0749755
-2.64158,-4.073861
-2.636578,-4.0727377
-2.6315784,-4.0716066
-2.6265788,-4.0704837
-2.6215768,-4.06935
-2.6165771,-4.06821
-2.6115751,-4.067066
-2.6065755,-4.065915
-2.6015735,-4.064762
-2.5965738,-4.0636034
-2.5915742,-4.0624433
-2.5865722,-4.061272
-2.5815725,-4.0601034
-2.5765705,-4.0589247
-2.5715709,-4.0577416
-2.5665712,-4.056552
-2.5615692,-4.055361
-2.5565696,-4.054163
-2.5515676,-4.0529585
-2.546568,-4.051749
-2.541566,-4.0505376
-2.5365663,-4.049319
-2.5315666,-4.048096
-2.5265646,-4.0468645
-2.521565,-4.0456295
-2.516563,-4.0443897
-2.5115633,-4.0431385
-2.5065637,-4.041889
-2.5015616,-4.0406303
-2.496562,-4.039368
-2.49156,-4.0381002
-2.4865603,-4.036825
-2.4815607,-4.0355444
-2.4765587,-4.0342584
-2.471559,-4.032964
-2.466557,-4.031665
-2.4615574,-4.030363
-2.4565554,-4.0290504
-2.4515557,-4.027734
-2.446556,-4.0264134
-2.441554,-4.0250835
-2.4365544,-4.0237446
-2.4315524,-4.022402
-2.4265528,-4.0210533
-2.4215531,-4.0196986
-2.416551,-4.0183372
-2.4115515,-4.0169697
-2.4065495,-4.0155926
-2.4015498,-4.014208
-2.3965478,-4.012817
-2.3915482,-4.011422
-2.3865485,-4.01002
-2.3815465,-4.008609
-2.3765469,-4.007192
-2.3715448,-4.005767
-2.3665452,-4.004335
-2.3615456,-4.0028925
-2.3565435,-4.0014467
-2.351544,-3.9999914
-2.346542,-3.9985256
-2.3415422,-3.9970548
-2.3365402,-3.9955752
-2.3315406,-3.9940872
-2.326541,-3.9925976
-2.321539,-3.9910924
-2.3165393,-3.989583
-2.3115373,-3.988059
-2.3065376,-3.9865363
-2.301538,-3.9849982
-2.296536,-3.9834554
-2.2915363,-3.9819021
-2.2865343,-3.9803352
-2.2815347,-3.9787683
-2.276535,-3.9771867
-2.271533,-3.9755983
-2.2665334,-3.9739995
-2.2615314,-3.9723883
-2.2565317,-3.9707737
-2.2515297,-3.9691458
-2.24653,-3.9675102
-2.2415304,-3.965864
-2.2365284,-3.9642072
-2.2315288,-3.962544
-2.2265267,-3.9608674
-2.221527,-3.9591832
-2.2165275,-3.957484
-2.2115254,-3.9557757
-2.2065258,-3.9540615
-2.2015238,-3.9523299
-2.1965241,-3.950593
-2.1915221,-3.9488397
-2.1865225,-3.947081
-2.1815228,-3.945311
-2.1765208,-3.9435272
-2.1715212,-3.941731
-2.1665192,-3.939927
-2.1615195,-3.9381084
-2.15652,-3.9362788
-2.1515179,-3.9344382
-2.1465182,-3.9325845
-2.1415162,-3.9307222
-2.1365166,-3.9288402
-2.131517,-3.926948
-2.126515,-3.9250453
-2.1215153,-3.923129
-2.1165133,-3.9211988
-2.1115136,-3.919259
-2.1065116,-3.917305
-2.101512,-3.9153347
-2.0965123,-3.9133549
-2.0915103,-3.9113564
-2.0865107,-3.90935
-2.0815086,-3.9073272
-2.076509,-3.9052896
-2.0715094,-3.9032369
-2.0665073,-3.9011748
-2.0615077,-3.8990936
-2.0565057,-3.896996
-2.051506,-3.8948896
-2.046504,-3.892763
-2.0415044,-3.8906267
-2.0365047,-3.8884726
-2.0315027,-3.886301
-2.026503,-3.8841138
-2.021501,-3.8819125
-2.0165014,-3.8796976
-2.0115018,-3.877466
-2.0064998,-3.875217
-2.0015001,-3.872951
-1.9964981,-3.870667
-1.991499,-3.8683727
-1.9864988,-3.866056
-1.9814968,-3.8637242
-1.9764977,-3.8613777
-1.9714947,-3.859009
-1.9664955,-3.856629
-1.9614935,-3.8542295
-1.9564934,-3.851811
-1.9514942,-3.8493772
-1.9464922,-3.8469238
-1.9414921,-3.8444533
-1.936491,-3.8419619
-1.9314909,-3.8394544
-1.9264908,-3.8369308
-1.9214897,-3.8343825
-1.9164896,-3.8318255
-1.9114876,-3.829242
-1.9064884,-3.826643
-1.9014854,-3.8240232
-1.8964863,-3.821384
-1.8914871,-3.818727
-1.8864841,-3.8160481
-1.881485,-3.8133554
-1.876483,-3.8106396
-1.8714828,-3.8079014
-1.8664837,-3.8051472
-1.8614817,-3.802374
-1.8564816,-3.7995806
-1.8514805,-3.7967634
-1.8464804,-3.793929
-1.8414783,-3.7910724
-1.8364792,-3.7881997
-1.8314791,-3.785306
-1.826477,-3.7823873
-1.8214779,-3.7794511
-1.8164749,-3.7764945
-1.8114758,-3.7735171
-1.8064766,-3.770522
-1.8014736,-3.767499
-1.7964745,-3.7644627
-1.7914724,-3.761401
-1.7864723,-3.758318
-1.7814732,-3.7552197
-1.7764711,-3.752096
-1.771471,-3.7489514
-1.76647,-3.7457874
-1.7614698,-3.7426019
-1.7564678,-3.7393956
-1.7514687,-3.7361684
-1.7464685,-3.732921
-1.7414665,-3.7296505
-1.7364674,-3.7263606
-1.7314644,-3.723047
-1.7264652,-3.719715
-1.7214661,-3.7163599
-1.7164631,-3.7129855
-1.7114639,-3.7095912
-1.7064619,-3.706172
-1.7014618,-3.7027378
-1.6964607,-3.6992817
-1.6914606,-3.6958027
-1.6864605,-3.6923041
-1.6814594,-3.6887846
-1.6764593,-3.6852465
-1.6714573,-3.6816869
-1.6664581,-3.6781063
-1.661458,-3.674507
-1.656456,-3.670886
-1.6514568,-3.6672463
-1.6464539,-3.6635847
-1.6414547,-3.6599073
-1.6364555,-3.6562076
-1.6314526,-3.6524863
-1.6264534,-3.6487458
-1.6214514,-3.6449885
-1.6164513,-3.6412144
-1.6114502,-3.6374178
-1.6064501,-3.6336026
-1.60145,-3.6297705
-1.5964489,-3.625916
-1.5914488,-3.622048
-1.5864468,-3.6181576
-1.5814476,-3.614253
-1.5764475,-3.6103287
-1.5714455,-3.6063867
-1.5664463,-3.602426
-1.5614433,-3.5984507
-1.5564442,-3.5944595
-1.5514421,-3.5904446
-1.546442,-3.5864196
-1.5414429,-3.5823736
-1.5364408,-3.5783134
-1.5314407,-3.5742362
-1.5264397,-3.5701444
-1.5214396,-3.566038
-1.5164394,-3.561915
-1.5114384,-3.557775
-1.5064383,-3.5536242
-1.5014362,-3.5494533
-1.4964371,-3.5452714
-1.491437,-3.5410771
-1.4864349,-3.536863
-1.4814358,-3.5326395
-1.4764328,-3.528398
-1.4714336,-3.5241485
-1.4664316,-3.519881
-1.4614315,-3.5156043
-1.4564323,-3.5113144
-1.4514303,-3.5070105
-1.4464302,-3.5026944
-1.4414291,-3.4983673
-1.436429,-3.494028
-1.4314289,-3.4896774
-1.4264278,-3.485314
-1.4214277,-3.4809427
-1.4164257,-3.4765577
-1.4114265,-3.472164
-1.4064236,-3.4677582
-1.4014244,-3.4633465
-1.3964252,-3.4589214
-1.3914223,-3.4544878
-1.3864231,-3.4500449
-1.3814211,-3.4455905
-1.376421,-3.4411316
-1.3714218,-3.4366622
-1.3664198,-3.4321826
-1.3614197,-3.4276981
-1.3564186,-3.4232025
-1.3514185,-3.4187012
-1.3464184,-3.4141898
-1.3414173,-3.409674
-1.3364172,-3.4051497
-1.3314152,-3.400619
-1.326416,-3.39608
-1.321413,-3.3915367
-1.3164139,-3.3869843
-1.3114147,-3.3824308
-1.3064117,-3.3778677
-1.3014126,-3.3732982
-1.2964106,-3.3687234
-1.2914104,-3.3641467
-1.2864113,-3.3595638
-1.2814093,-3.3549697
-1.2764091,-3.350378
-1.2714081,-3.3457794
-1.266408,-3.3411741
-1.261406,-3.3365655
-1.2564068,-3.331955
-1.2514067,-3.3273401
-1.2464046,-3.3227177
-1.2414055,-3.318098
-1.2364025,-3.3134673
-1.2314034,-3.3088353
-1.2264042,-3.3042035
-1.2214012,-3.2995634
-1.216402,-3.2949235
-1.2114,-3.2902792
-1.2063999,-3.2856326
-1.2014008,-3.2809846
-1.1963987,-3.2763286
-1.1913986,-3.2716768
-1.1863976,-3.2670162
-1.1813974,-3.2623575
-1.1763954,-3.257693
-1.1713963,-3.2530272
-1.1663961,-3.2483616
-1.1613941,-3.2436903
-1.156395,-3.2390184
-1.151392,-3.234345
-1.1463928,-3.22967
-1.1413937,-3.2249932
-1.1363907,-3.2203116
-1.1313915,-3.2156298
-1.1263895,-3.210945
-1.1213894,-3.2062607
-1.1163883,-3.201572
-1.1113882,-3.1968822
-1.1063881,-3.192192
-1.101387,-3.187498
-1.0963869,-3.1828065
-1.0913849,-3.1781063
-1.0863857,-3.1734107
-1.0813856,-3.1687107
-1.0763836,-3.1640074
-1.0713844,-3.1593041
-1.0663815,-3.1546
-1.0613823,-3.1498926
-1.0563803,-3.1451836
-1.0513802,-3.1404727
-1.046381,-3.1357622
-1.041379,-3.1310441
-1.0363789,-3.126329
-1.0313778,-3.1216078
-1.0263777,-3.116887
-1.0213776,-3.112167
-1.0163765,-3.1074412
-1.0113764,-3.1027145
-1.0063744,-3.0979855
-1.0013752,-3.0932546
-0.9963751,-3.0885196
-0.99137306,-3.0837822
-0.9863739,-3.0790446
-0.9813709,-3.0743024
-0.97637177,-3.069559
-0.97136974,-3.0648098
-0.9663696,-3.0600624
-0.96137047,-3.0553126
-0.95636845,-3.0505557
-0.95136833,-3.0457976
-0.94636726,-3.0410366
-0.94136715,-3.0362742
-0.93636703,-3.0315075
-0.93136597,-3.0267346
-0.92636585,-3.021964
-0.92136383,-3.0171838
-0.91636467,-3.0124059
-0.9113617,-3.00762
-0.90636253,-3.0028324
-0.9013634,-2.9980397
-0.8963604,-2.993246
-0.89136124,-2.988445
-0.8863592,-2.983642
-0.8813591,-2.9788342
-0.87635994,-2.974024
-0.8713579,-2.9692051
-0.8663578,-2.964386
-0.86135674,-2.9595616
-0.8563566,-2.9547312
-0.8513565,-2.9498973
-0.84635544,-2.9450586
-0.8413553,-2.9402149
-0.8363533,-2.935366
-0.83135414,-2.9305131
-0.82635117,-2.925651
-0.821352,-2.9207873
-0.81635284,-2.9159176
-0.81134987,-2.9110432
-0.8063507,-2.906162
-0.8013487,-2.9012752
-0.7963486,-2.8963838
-0.7913494,-2.891487
-0.7863474,-2.8865824
-0.7813473,-2.8816717
-0.7763462,-2.8767557
-0.7713461,-2.8718333
-0.7663441,-2.8669064
-0.7613449,-2.8619726
-0.7563448,-2.8570337
-0.7513428,-2.852084
-0.7463436,-2.84713
-0.74134064,-2.8421686
-0.7363415,-2.837203
-0.7313423,-2.8322287
-0.72633934,-2.8272471
-0.7213402,-2.8222628
-0.71633816,-2.8172626
-0.71133804,-2.8122642
-0.7063389,-2.8072557
-0.70133686,-2.802236
-0.69633675,-2.7972147
-0.6913357,-2.7921824
-0.68633556,-2.787145
-0.68133354,-2.7820954
-0.6763344,-2.7770438
-0.67133427,-2.7719836
-0.66633224,-2.7669117
-0.6613331,-2.7618375
-0.6563301,-2.7567537
-0.65133095,-2.7516606
-0.6463318,-2.7465606
-0.6413288,-2.741453
-0.63632965,-2.7363374
-0.6313276,-2.7312129
-0.6263275,-2.7260814
-0.62132645,-2.7209394
-0.61632633,-2.715794
-0.6113262,-2.7106354
-0.60632515,-2.7054715
-0.60132504,-2.7003
-0.596323,-2.695118
-0.59132385,-2.6899292
-0.58632374,-2.684733
-0.5813217,-2.6795256
-0.57632256,-2.674312
-0.5713196,-2.6690876
-0.5663204,-2.6638558
-0.5613184,-2.6586173
-0.5563183,-2.6533709
-0.5513191,-2.6481152
-0.5463171,-2.64285
-0.541317,-2.637578
-0.5363159,-2.632297
-0.5313158,-2.6270087
-0.5263157,-2.6217084
-0.5213146,-2.616403
-0.5163145,-2.6110876
-0.5113125,-2.6057646
-0.5063133,-2.6004336
-0.5013132,-2.5950959
-0.4963112,-2.5897455
-0.49131203,-2.584392
-0.48630905,-2.579024
-0.4813099,-2.5736537
-0.47630787,-2.5682714
-0.47130775,-2.5628846
-0.4663086,-2.557487
-0.46130657,-2.5520833
-0.45630646,-2.5466673
-0.4513054,-2.5412478
-0.44630527,-2.535821
-0.44130516,-2.5303833
-0.4363041,-2.5249379
-0.43130398,-2.519487
-0.42630196,-2.514024
-0.4213028,-2.5085578
-0.41629982,-2.5030818
-0.41130066,-2.4975991
-0.4063015,-2.4921093
-0.40129852,-2.4866128
-0.39629936,-2.481107
-0.39129734,-2.4755926
-0.38629723,-2.4700751
-0.38129807,-2.4645507
-0.37629604,-2.459015
-0.37129593,-2.4534733
-0.36629486,-2.447926
-0.36129475,-2.4423711
-0.35629463,-2.4368129
-0.35129356,-2.4312425
-0.34629345,-2.4256701
-0.34129143,-2.4200878
-0.33629227,-2.4145045
-0.3312893,-2.408908
-0.32629013,-2.4033098
-0.32129097,-2.3977046
-0.316288,-2.3920941
-0.31128883,-2.3864746
-0.3062868,-2.3808525
-0.3012867,-2.375226
-0.29628754,-2.369593
-0.2912855,-2.3639517
-0.2862854,-2.3583071
-0.28128433,-2.352656
-0.27628422,-2.347005
-0.2712822,-2.3413415
-0.26628304,-2.335678
-0.26128292,-2.3300076
-0.2562809,-2.324333
-0.25128174,-2.318657
-0.24627876,-2.3129728
-0.2412796,-2.307286
-0.23628044,-2.3015964
-0.23127747,-2.2958987
-0.2262783,-2.2902021
-0.22127628,-2.2844982
-0.21627617,-2.2787945
-0.21127701,-2.2730834
-0.20627499,-2.267369
-0.20127487,-2.2616541
-0.1962738,-2.2559328
-0.19127369,-2.250212
-0.18627167,-2.244486
-0.1812725,-2.2387576
-0.17627239,-2.2330317
-0.17127037,-2.2272968
-0.16627121,-2.2215621
-0.16126823,-2.2158246
-0.15626907,-2.2100868
-0.15126991,-2.2043483
-0.14626694,-2.1986027
-0.14126778,-2.1928594
-0.13626575,-2.187111
-0.13126564,-2.1813657
-0.12626457,-2.1756186
-0.12126446,-2.1698704
-0.11626434,-2.1641228
-0.111263275,-2.1583705
-0.10626316,-2.15262
-0.10126114,-2.146867
-0.09626198,-2.141118
-0.09126186,-2.135366
-0.08625984,-2.1296134
-0.08126068,-2.1238616
-0.076257706,-2.1181078
-0.071258545,-2.112361
-0.066259384,-2.1066113
-0.06125641,-2.100862
-0.056257248,-2.0951118
-0.051255226,-2.089366
-0.04625511,-2.0836213
-0.041254044,-2.0778728
-0.03625393,-2.0721307
-0.031253815,-2.0663905
-0.026252747,-2.060647
-0.021252632,-2.0549116
-0.01625061,-2.0491722
-0.01125145,-2.0434382
-0.006251335,-2.0377092
-0.0012493134,-2.0319762
0.0037498474,-2.0262513
0.008752823,-2.0205257
0.013751984,-2.0148056
0.018754005,-2.0090854
0.02375412,-2.003372
0.02875328,-1.9976573
0.033755302,-1.9919484
0.038755417,-1.9862458
0.043756485,-1.9805439
0.0487566,-1.9748471
0.053756714,-1.9691519
0.058757782,-1.9634607
0.0637579,-1.9577788
0.06875992,-1.9520936
0.07375908,-1.9464197
0.07875919,-1.9407476
0.083761215,-1.9350767
0.088760376,-1.9294167
0.09376335,-1.9237561
0.09876251,-1.9181021
0.103764534,-1.9124576
0.10876465,-1.9068141
0.11376381,-1.9011779
0.11876583,-1.8955458
0.123765945,-1.8899207
0.12876701,-1.8842998
0.13376713,-1.878685
0.13876724,-1.8730787
0.14376831,-1.8674761
0.14876842,-1.8618786
0.15377045,-1.8562875
0.15876961,-1.8507077
0.16377258,-1.8451308
0.16877174,-1.8395612
0.1737709,-1.8339995
0.17877388,-1.8284397
0.18377304,-1.8228922
0.18877506,-1.8173487
0.19377518,-1.811815
0.19877434,-1.8062893
0.20377636,-1.800767
0.20877647,-1.7952548
0.21377754,-1.7897475
0.21877766,-1.7842518
0.22377968,-1.778761
0.22877884,-1.7732775
0.23377895,-1.7678063
0.23878098,-1.7623407
0.24378014,-1.7568828
0.24878311,-1.7514313
0.25378227,-1.7459896
0.25878143,-1.7405577
0.2637844,-1.7351336
0.26878357,-1.7297194
0.2737856,-1.7243111
0.2787857,-1.7189124
0.28378487,-1.7135254
0.2887869,-1.7081434
0.293787,-1.7027692
0.29878807,-1.6974057
0.3037882,-1.6920527
0.3087902,-1.6867085
0.31378937,-1.6813713
0.31878948,-1.6760457
0.3237915,-1.6707273
0.32879066,-1.6654222
0.33379364,-1.6601225
0.3387928,-1.6548375
0.34379196,-1.6495565
0.34879494,-1.6442882
0.3537941,-1.6390309
0.35879612,-1.6337783
0.36379623,-1.6285398
0.3687973,-1.6233102
0.37379742,-1.6180916
0.37879753,-1.6128811
0.3837986,-1.6076808
0.3887987,-1.6024902
0.39380074,-1.5973111
0.3987999,-1.5921419
0.4038,-1.5869852
0.40880203,-1.5818353
0.4138012,-1.576697
0.41880417,-1.5715693
0.42380333,-1.5664535
0.4288025,-1.561346
0.43380547,-1.5562471
0.43880463,-1.5511631
0.44380665,-1.5460849
0.44880676,-1.5410206
0.45380783,-1.5359663
0.45880795,-1.5309265
0.46380806,-1.525894
0.46880913,-1.5208708
0.47380924,-1.5158594
0.47881126,-1.5108598
0.48381042,-1.505868
0.48881054,-1.5008936
0.49381256,-1.4959229
0.49881172,-1.4909678
0.5038147,-1.4860237
0.50881386,-1.4810891
0.5138159,-1.476164
0.518816,-1.4712518
0.52381516,-1.466349
0.5288172,-1.4614578
0.5338173,-1.4565798
0.53881836,-1.4517108
0.5438185,-1.4468516
0.5488186,-1.4420062
0.55381966,-1.4371694
0.5588198,-1.4323493
0.5638218,-1.4275333
0.56882095,-1.4227332
0.57382107,-1.4179443
0.5788231,-1.4131628
0.58382225,-1.4083965
0.5888252,-1.4036382
0.5938244,-1.3988936
0.5988264,-1.3941561
0.6038265,-1.389437
0.6088257,-1.3847244
0.6138277,-1.3800229
0.6188278,-1.375332
0.6238289,-1.3706529
0.628829,-1.365987
0.6338291,-1.3613325
0.6388302,-1.3566873
0.6438303,-1.352054
0.6488323,-1.3474315
0.6538315,-1.3428206
0.65883446,-1.3382199
0.6638336,-1.3336327
0.6688328,-1.3290558
0.67383575,-1.3244884
0.6788349,-1.3199365
0.68383694,-1.3153913
0.68883705,-1.3108592
0.6938362,-1.3063375
0.69883823,-1.3018278
0.70383835,-1.2973309
0.7088394,-1.2928408
0.71383953,-1.2883654
0.71884155,-1.2838988
0.7238407,-1.2794455
0.7288408,-1.2750049
0.73384285,-1.2705727
0.738842,-1.2661512
0.743845,-1.2617414
0.74884415,-1.2573428
0.7538433,-1.2529526
0.7588463,-1.2485795
0.76384544,-1.2442153
0.76884747,-1.2398584
0.7738476,-1.2355176
0.77884674,-1.2311856
0.78384876,-1.2268647
0.7888489,-1.2225533
0.79384995,-1.2182535
0.79885006,-1.2139653
0.8038521,-1.2096897
0.80885124,-1.2054237
0.81385136,-1.2011672
0.8188534,-1.1969223
0.82385254,-1.1926886
0.8288555,-1.1884638
0.8338547,-1.1842554
0.83885384,-1.1800555
0.8438568,-1.1758629
0.848856,-1.1716843
0.853858,-1.1675149
0.8588581,-1.1633598
0.8638592,-1.1592108
0.8688593,-1.1550772
0.8738594,-1.1509506
0.8788605,-1.1468351
0.8838606,-1.1427313
0.8888626,-1.1386368
0.8938618,-1.1345539
0.8988619,-1.1304845
0.9038639,-1.1264195
0.90886307,-1.12237
0.91386604,-1.1183292
0.9188652,-1.1143017
0.92386436,-1.1102817
0.92886734,-1.1062713
0.9338665,-1.102275
0.9388685,-1.0982829
0.94386864,-1.0943099
0.9488697,-1.0903394
0.9538698,-1.0863848
0.95886993,-1.0824412
0.963871,-1.078503
0.9688711,-1.0745785
0.97387314,-1.0706625
0.9788723,-1.0667607
0.9838724,-1.0628657
0.98887444,-1.0589797
0.9938736,-1.0551058
0.9988766,-1.0512414
1.0038757,-1.0473901
1.0088778,-1.0435457
1.0138779,-1.0397123
1.018877,-1.0358922
1.023879,-1.0320803
1.0288792,-1.0282769
1.0338802,-1.0244858
1.0388803,-1.0207039
1.0438805,-1.0169333
1.0488815,-1.0131676
1.0538816,-1.0094167
1.0588837,-1.0056772
1.0638828,-1.0019468
1.068883,-0.99822426
1.073885,-0.9945115
1.0788841,-0.99080956
1.0838871,-0.98711795
1.0888863,-0.9834352
1.0938883,-0.97976345
1.0988884,-0.976102
1.1038876,-0.9724496
1.1088896,-0.9688065
1.1138897,-0.9651756
1.1188908,-0.9615527
1.1238909,-0.9579404
1.128891,-0.9543386
1.133892,-0.9507423
1.1388922,-0.94716096
1.1438942,-0.94358504
1.1488934,-0.9400209
1.1538963,-0.93646896
1.1588955,-0.9329238
1.1638947,-0.92939234
1.1688976,-0.925865
1.1738968,-0.92235124
1.1788988,-0.9188447
1.1838989,-0.91535056
1.1888981,-0.9118639
1.1939001,-0.90838385
1.1989002,-0.9049188
1.2039013,-0.90146196
1.2089014,-0.89801437
1.2139015,-0.8945772
1.2189026,-0.8911477
1.2239027,-0.88772714
1.2289047,-0.8843175
1.2339039,-0.8809163
1.2389069,-0.87752706
1.243906,-0.8741454
1.2489052,-0.87077653
1.2539082,-0.8674115
1.2589073,-0.86405915
1.2639093,-0.8607143
1.2689095,-0.85738164
1.2739086,-0.8540576
1.2789106,-0.85074306
1.2839108,-0.84743637
1.2889118,-0.84413916
1.2939119,-0.8408536
1.298914,-0.83757544
1.3039131,-0.8343074
1.3089132,-0.83104885
1.3139153,-0.8277988
1.3189144,-0.8245581
1.3239174,-0.82132685
1.3289165,-0.81810653
1.3339157,-0.8148947
1.3389187,-0.8116896
1.3439178,-0.80849826
1.3489199,-0.80531317
1.35392,-0.80213666
1.3589191,-0.7989731
1.3639212,-0.7958148
1.3689213,-0.79266655
1.3739223,-0.7895287
1.3789225,-0.7863999
1.3839245,-0.78327835
1.3889236,-0.7801684
1.3939238,-0.7770673
1.3989258,-0.77397496
1.403925,-0.770894
1.4089279,-0.7678175
1.4139271,-0.7647542
1.4189262,-0.76170003
1.4239292,-0.758651
1.4289284,-0.75561386
1.4339304,-0.75258476
1.4389305,-0.74956584
1.4439316,-0.7465551
1.4489317,-0.7435548
1.4539318,-0.74056244
1.4589329,-0.73758054
1.463933,-0.7346089
1.468935,-0.7316409
1.4739342,-0.7286868
1.4789343,-0.7257393
1.4839363,-0.72280157
1.4889355,-0.7198731
1.4939384,-0.71695375
1.4989376,-0.71404505
1.5039396,-0.7111417
1.5089397,-0.70824987
1.5139389,-0.7053655
1.5189409,-0.70249075
1.523941,-0.6996261
1.5289421,-0.6967695
1.5339422,-0.6939217
1.5389423,-0.6910835
1.5439434,-0.6882529
1.5489435,-0.68543315
1.5539455,-0.6826219
1.5589447,-0.6798187
1.5639448,-0.67702675
1.5689468,-0.6742412
1.573946,-0.6714651
1.578949,-0.6686956
1.5839481,-0.665938
1.5889502,-0.6631898
1.5939503,-0.66044885
1.5989494,-0.65771776
1.6039515,-0.6549926
1.6089516,-0.6522803
1.6139526,-0.649575
1.6189528,-0.64687943
1.6239529,-0.64419293
1.6289539,-0.6415118
1.633954,-0.63884366
1.6389561,-0.63618267
1.6439552,-0.6335322
1.6489582,-0.63088727
1.6539574,-0.62825346
1.6589565,-0.6256279
1.6639595,-0.6230102
1.6689587,-0.62040454
1.6739607,-0.61780286
1.6789608,-0.6152128
1.68396,-0.61263144
1.688962,-0.61005735
1.6939621,-0.60749364
1.6989632,-0.60493684
1.7039633,-0.6023917
1.7089634,-0.5998544
1.7139645,-0.5973239
1.7189646,-0.5948037
1.7239666,-0.5922909
1.7289658,-0.58978736
1.7339687,-0.58729285
1.7389679,-0.5848086
1.743967,-0.5823297
1.74897,-0.5798609
1.7539692,-0.5774013
1.7589712,-0.5749497
1.7639713,-0.57250744
1.7689705,-0.57007414
1.7739725,-0.5676474
1.7789726,-0.56523097
1.7839737,-0.562822
1.7889738,-0.5604235
1.7939758,-0.5580321
1.798975,-0.55565006
1.8039751,-0.5532742
1.8089771,-0.5509093
1.8139763,-0.54855067
1.8189793,-0.5462021
1.8239784,-0.54386276
1.8289776,-0.54153275
1.8339806,-0.5392085
1.8389797,-0.53689384
1.8439817,-0.53458834
1.8489819,-0.53228986
1.853981,-0.5300014
1.858983,-0.52772087
1.8639832,-0.5254488
1.8689842,-0.523184
1.8739843,-0.5209287
1.8789864,-0.5186807
1.8839855,-0.5164428
1.8889856,-0.51421237
1.8939877,-0.5119904
1.8989868,-0.50977695
1.9039898,-0.50757074
1.908989,-0.5053745
1.9139881,-0.5031836
1.9189911,-0.50100344
1.9239902,-0.4988327
1.9289923,-0.49666753
1.9339924,-0.494514
1.9389935,-0.4923647
1.9439936,-0.49022573
1.9489937,-0.48809513
1.9539948,-0.4859717
1.9589949,-0.4838571
1.9639969,-0.48175025
1.968996,-0.47965223
1.9739962,-0.47756332
1.9789982,-0.4754797
1.9839973,-0.47340664
1.9890003,-0.47134018
1.9939995,-0.46928295
1.9990015,-0.46723267
2.0040016,-0.46519232
2.0090008,-0.4631579
2.0140028,-0.46113223
2.019003,-0.4591154
2.024004,-0.4571067
2.029004,-0.45510533
2.0340042,-0.45311233
2.0390053,-0.4511243
2.0440054,-0.44914806
2.0490074,-0.44717807
2.0540066,-0.44521672
2.0590067,-0.44326362
2.0640087,-0.44131655
2.0690079,-0.43937814
2.0740108,-0.43744728
2.07901,-0.43552494
2.084012,-0.43361056
2.0890121,-0.4317043
2.0940113,-0.42980435
2.0990133,-0.42791408
2.1040134,-0.42602992
2.1090145,-0.42415324
2.1140146,-0.4222865
2.1190147,-0.42042553
2.1240158,-0.418572
2.129016,-0.41672814
2.134018,-0.41488928
2.139017,-0.41305906
2.14402,-0.41123688
2.1490192,-0.40942174
2.1540184,-0.40761554
2.1590214,-0.40581378
2.1640205,-0.40402314
2.1690226,-0.40223914
2.1740227,-0.40046254
2.1790218,-0.3986919
2.1840239,-0.39692968
2.189024,-0.39517432
2.194025,-0.39342713
2.1990252,-0.39168733
2.2040253,-0.38995504
2.2090263,-0.38822883
2.2140265,-0.38651094
2.2190285,-0.38480067
2.2240276,-0.38309765
2.2290306,-0.3814001
2.2340298,-0.37971252
2.239029,-0.37803102
2.244032,-0.37635517
2.249031,-0.3746894
2.254033,-0.37302807
2.2590332,-0.37137556
2.2640324,-0.36973077
2.2690344,-0.3680916
2.2740345,-0.36645928
2.2790356,-0.36483413
2.2840357,-0.36321783
2.2890377,-0.36160657
2.2940369,-0.36000356
2.299037,-0.35840768
2.304039,-0.35681587
2.3090382,-0.35523534
2.3140411,-0.35365897
2.3190403,-0.35209024
2.3240395,-0.35052812
2.3290424,-0.34897226
2.3340416,-0.34742466
2.3390436,-0.34588212
2.3440437,-0.34434688
2.349043,-0.34281957
2.354045,-0.34129846
2.359045,-0.3397837
2.364046,-0.33827573
2.3690462,-0.33677584
2.3740482,-0.3352809
2.3790474,-0.33379203
2.3840475,-0.33231127
2.3890495,-0.3308358
2.3940487,-0.32936794
2.3990517,-0.32790542
2.4040508,-0.326451
2.40905,-0.3250015
2.414053,-0.32356036
2.4190521,-0.32212424
2.4240541,-0.32069424
2.4290543,-0.3192715
2.4340553,-0.31785423
2.4390554,-0.31644514
2.4440556,-0.3150401
2.4490566,-0.31364202
2.4540567,-0.31225058
2.4590588,-0.31086546
2.464058,-0.3094867
2.469058,-0.3081139
2.47406,-0.30674756
2.4790592,-0.30538654
2.4840622,-0.3040321
2.4890614,-0.30268395
2.4940605,-0.30134213
2.4990635,-0.30000573
2.5040627,-0.2986756
2.5090647,-0.29735056
2.5140648,-0.29603297
2.5190659,-0.2947205
2.524066,-0.29341513
2.529066,-0.29211447
2.5340672,-0.29081935
2.5390673,-0.28953102
2.5440693,-0.288248
2.5490685,-0.28697112
2.5540686,-0.2857002
2.5590706,-0.2844345
2.5640697,-0.2831754
2.5690727,-0.2819207
2.574072,-0.2806732
2.579074,-0.27942973
2.584074,-0.27819324
2.5890732,-0.27696228
2.5940752,-0.27573586
2.5990753,-0.2745156
2.6040764,-0.27330154
2.6090765,-0.27209306
2.6140766,-0.2708889
2.6190777,-0.26969105
2.6240778,-0.26849806
2.6290798,-0.26731068
2.634079,-0.26612845
2.639079,-0.26495296
2.644081,-0.2637815
2.6490803,-0.26261613
2.6540833,-0.261455
2.6590824,-0.26029968
2.6640844,-0.2591496
2.6690845,-0.258005
2.6740837,-0.2568662
2.6790857,-0.25573134
2.6840858,-0.25460222
2.689087,-0.25347787
2.694087,-0.25235894
2.6990871,-0.2512462
2.7040882,-0.2501369
2.7090883,-0.24903342
2.7140903,-0.24793409
2.7190895,-0.24684092
2.7240925,-0.24575108
2.7290916,-0.24466783
2.7340908,-0.24358994
2.7390938,-0.24251533
2.744093,-0.24144627
2.749095,-0.240382
2.754095,-0.23932326
2.7590942,-0.23826844
2.7640963,-0.23721828
2.7690964,-0.2361731
2.7740974,-0.2351324
2.7790976,-0.23409691
2.7840996,-0.23306552
2.7890987,-0.23203948
2.7940989,-0.23101804
2.7991009,-0.23000018
2.8041,-0.22898787
2.809103,-0.22798017
2.8141022,-0.22697687
2.8191013,-0.22597796
2.8241043,-0.22498375
2.8291035,-0.2239941
2.8341055,-0.2230084
2.8391056,-0.22202823
2.8441048,-0.22105157
2.8491068,-0.22007877
2.854107,-0.2191107
2.859108,-0.21814828
2.864108,-0.21718897
2.86911,-0.21623361
2.8741093,-0.21528333
2.8791094,-0.21433684
2.8841114,-0.21339467
2.8891106,-0.21245652
2.8941135,-0.21152292
2.8991127,-0.21059394
2.9041119,-0.20966873
2.9091148,-0.20874691
2.914114,-0.20782949
2.919116,-0.2069167
2.9241161,-0.20600754
2.9291172,-0.20510265
2.9341173,-0.20420146
2.9391174,-0.20330521
2.9441185,-0.20241171
2.9491186,-0.20152283
2.9541206,-0.20063752
2.9591198,-0.19975689
2.96412,-0.198879
2.969122,-0.19800568
2.974121,-0.1971361
2.979124,-0.19627008
2.9841232,-0.19540773
2.9891224,-0.19455028
2.9941254,-0.19369565
2.9991245,-0.19284475
3.0041265,-0.19199795
3.0091267,-0.19115421
3.0141277,-0.19031507
3.0191278,-0.18947914
3.024128,-0.188647
3.029129,-0.18781835
3.0341291,-0.18699266
3.0391312,-0.18617153
3.0441303,-0.18535388
3.0491304,-0.18453941
3.0541325,-0.18372881
3.0591316,-0.18292126
3.0641346,-0.18211745
3.0691338,-0.18131743
3.0741358,-0.18051991
3.079136,-0.1797265
3.084135,-0.17893653
3.089137,-0.17814949
3.0941372,-0.17736644
3.0991383,-0.17658609
3.1041384,-0.17580983
3.1091385,-0.17503676
3.1141396,-0.17426625
3.1191397,-0.17350048
3.1241417,-0.17273654
3.1291409,-0.17197627
3.134141,-0.17121953
3.139143,-0.17046571
3.1441422,-0.16971491
3.1491451,-0.16896717
3.1541443,-0.16822322
3.1591463,-0.16748178
3.1641464,-0.16674386
3.1691456,-0.16600932
3.1741476,-0.16527751
3.1791477,-0.164549
3.1841488,-0.16382276
3.189149,-0.16310069
3.194149,-0.16238074
3.19915,-0.16166408
3.2041502,-0.16095108
3.2091522,-0.16024008
3.2141514,-0.15953222
3.2191544,-0.15882763
3.2241535,-0.15812571
3.2291527,-0.15742716
3.2341557,-0.15673119
3.2391548,-0.15603793
3.2441568,-0.15534727
3.249157,-0.15466025
3.254156,-0.153976
3.2591581,-0.15329428
3.2641582,-0.15261465
3.2691593,-0.15193918
3.2741594,-0.15126522
3.2791615,-0.15059434
3.2841606,-0.14992675
3.2891607,-0.14926155
3.2941628,-0.14859869
3.299162,-0.1479391
3.304165,-0.14728187
3.309164,-0.14662747
3.3141632,-0.14597619
3.3191662,-0.14532626
3.3241653,-0.14468032
3.3291674,-0.14403634
3.3341675,-0.14339525
3.3391666,-0.14275616
3.3441687,-0.14212017
3.3491688,-0.1414866
3.3541698,-0.14085539
3.35917,-0.14022675
3.364172,-0.13960095
3.3691711,-0.13897777
3.3741713,-0.1383568
3.3791733,-0.13773812
3.3841724,-0.13712206
3.3891754,-0.13650855
3.3941746,-0.13589722
3.3991737,-0.1352887
3.4041767,-0.13468176
3.4091759,-0.13407822
3.414178,-0.13347684
3.419178,-0.13287733
3.424179,-0.13228047
3.4291792,-0.1316859
3.4341793,-0.13109404
3.4391804,-0.13050407
3.4441805,-0.12991676
3.4491825,-0.12933142
3.4541817,-0.12874873
3.4591818,-0.12816837
3.4641838,-0.12758993
3.469183,-0.12701382
3.474186,-0.12643975
3.479185,-0.12586838
3.4841843,-0.12529919
3.4891872,-0.12473194
3.4941864,-0.12416695
3.4991884,-0.12360424
3.5041885,-0.12304388
3.5091896,-0.12248525
3.5141897,-0.121929266
3.5191898,-0.12137528
3.524191,-0.12082305
3.529191,-0.120273545
3.534193,-0.11972602
3.5391922,-0.11918057
3.5441923,-0.118637234
3.5491943,-0.11809547
3.5541935,-0.11755654
3.5591965,-0.11701915
3.5641956,-0.11648424
3.5691977,-0.11595084
3.5741978,-0.115419984
3.579197,-0.1148912
3.584199,-0.11436439
3.589199,-0.11383963
3.5942001,-0.11331624
3.5992002,-0.112795636
3.6042004,-0.112276465
3.6092014,-0.111759655
3.6142015,-0.111244574
3.6192036,-0.11073178
3.6242027,-0.11022061
3.6292028,-0.109711535
3.6342049,-0.10920437
3.639204,-0.108699486
3.644207,-0.10819573
3.6492062,-0.10769464
3.6542082,-0.107194915
3.6592083,-0.10669798
3.6642075,-0.10620199
3.6692095,-0.10570798
3.6742096,-0.10521619
3.6792107,-0.10472575
3.6842108,-0.104237534
3.689211,-0.103751376
3.694212,-0.103266865
3.699212,-0.10278456
3.704214,-0.10230373
3.7092133,-0.101824686
3.7142162,-0.10134722
3.7192154,-0.100872055
3.7242146,-0.100398526
3.7292175,-0.099926956
3.7342167,-0.09945689
3.7392187,-0.09898846
3.7442188,-0.09852212
3.749218,-0.09805748
3.75422,-0.0975947
3.7592201,-0.09713362
3.7642212,-0.09667411
3.7692213,-0.096216306
3.7742214,-0.0957607
3.7792225,-0.095306486
3.7842226,-0.09485406
3.7892246,-0.0944031
3.7942238,-0.093954295
3.7992268,-0.0935066
3.804226,-0.093061246
3.809225,-0.09261741
3.814228,-0.09217499
3.8192272,-0.091734834
3.8242292,-0.091295734
3.8292294,-0.09085843
3.8342285,-0.09042327
3.8392305,-0.08998941
3.8442307,-0.08955744
3.8492317,-0.08912647
3.8542318,-0.08869766
3.8592339,-0.08827025
3.864233,-0.087844834
3.8692331,-0.08742066
3.8742352,-0.086997956
3.8792343,-0.086577386
3.8842373,-0.08615823
3.8892365,-0.08574054
3.8942356,-0.08532478
3.8992386,-0.08490999
3.9042377,-0.08449748
3.9092398,-0.084086254
3.91424,-0.0836766
3.919239,-0.08326873
3.924241,-0.08286219
3.9292412,-0.08245729
3.9342422,-0.08205368
3.9392424,-0.08165209
3.9442444,-0.08125188
3.9492435,-0.08085348
3.9542437,-0.08045617
3.9592457,-0.0800606
3.9642448,-0.07966667
3.9692478,-0.0792738
3.974247,-0.07888293
3.9792461,-0.078493804
3.984249,-0.07810551
3.9892483,-0.077719085
3.9942503,-0.077334344
3.9992504,-0.07695066
4.0042515,-0.07656905
4.0092516,-0.076188564
4.0142517,-0.075809866
4.019253,-0.07543224
4.024253,-0.075056516
4.029255,-0.07468195
4.034254,-0.07430895
4.039254,-0.07393754
4.044256,-0.07356748
4.0492554,-0.073199034
4.0542583,-0.07283174
4.0592575,-0.072466254
4.0642595,-0.07210216
4.0692596,-0.07173945
4.074259,-0.07137838
4.079261,-0.07101847
4.084261,-0.07066031
4.089262,-0.07030294
4.094262,-0.06994793
4.099262,-0.06959392
4.1042633,-0.06924106
4.1092634,-0.068889886
4.1142654,-0.0685402
4.1192646,-0.068191744
4.1242647,-0.06784504
4.1292667,-0.06749947
4.134266,-0.0671553
4.139269,-0.0668125
4.144268,-0.06647131
4.14927,-0.06613126
4.15427,-0.06579276
4.1592693,-0.06545581
4.1642714,-0.06512019
4.1692715,-0.064785995
4.1742725,-0.064453006
4.1792727,-0.06412143
4.184273,-0.063791394
4.189274,-0.0634623
4.194274,-0.06313506
4.199276,-0.062809035
4.204275,-0.06248431
4.209278,-0.062161
4.2142773,-0.061839104
4.2192764,-0.061518677
4.2242794,-0.061199278
4.2292786,-0.060881376
4.2342806,-0.060564846
4.2392807,-0.060249753
4.24428,-0.059936002
4.249282,-0.059623264
4.254282,-0.059312314
4.259283,-0.059002317
4.264283,-0.058693975
4.2692833,-0.058386832
4.2742844,-0.058080994
4.2792845,-0.057776447
4.2842865,-0.05747322
4.2892857,-0.05717135
4.2942886,-0.056870684
4.299288,-0.056571577
4.304287,-0.056273602
4.30929,-0.055976994
4.314289,-0.055681746
4.319291,-0.055387758
4.324291,-0.055094935
4.3292904,-0.054803595
4.3342924,-0.054513235
4.3392925,-0.054224707
4.3442936,-0.053937197
4.3492937,-0.05365088
4.3542957,-0.053365737
4.359295,-0.053082
4.364295,-0.052799765
4.369297,-0.05251856
4.374296,-0.05223863
4.379299,-0.0519601
4.3842983,-0.05168289
4.3892975,-0.051406972
4.3943005,-0.051132012
4.3992996,-0.050858524
4.4043016,-0.050586037
4.4093018,-0.050315104
4.414301,-0.050045244
4.419303,-0.049776763
4.424303,-0.049509436
4.429304,-0.049243324
4.434304,-0.04897862
4.4393063,-0.048714854
4.4443054,-0.048452683
4.4493055,-0.048191607
4.4543076,-0.047931552
4.4593067,-0.047673203
4.4643097,-0.047415562
4.469309,-0.047159247
4.474308,-0.046904616
4.479311,-0.046650663
4.48431,-0.04639817
4.489312,-0.04614665
4.4943123,-0.045896493
4.4993134,-0.04564749
4.5043135,-0.04539981
4.5093136,-0.045153372
4.5143147,-0.04490772
4.519315,-0.044663787
4.524317,-0.04442066
4.529316,-0.044178996
4.534316,-0.043938443
4.539318,-0.043698803
4.5443172,-0.043460816
4.54932,-0.04322359
4.5543194,-0.042987697
4.5593214,-0.042752974
4.5643215,-0.04251939
4.5693207,-0.042287126
4.5743227,-0.042055752
4.579323,-0.04182585
4.584324,-0.04159689
4.589324,-0.04136935
4.594324,-0.041142642
4.599325,-0.040917024
4.6043253,-0.040692672
4.6093273,-0.040469386
4.6143265,-0.04024733
4.6193266,-0.040026598
4.6243286,-0.039806753
4.629328,-0.039588075
4.6343307,-0.03937046
4.63933,-0.039153934
4.644332,-0.038938615
4.649332,-0.03872443
4.654331,-0.03851159
4.659333,-0.038299456
4.6643333,-0.03808861
4.6693344,-0.037878726
4.6743345,-0.037670225
4.6793346,-0.037462663
4.6843357,-0.03725616
4.689336,-0.037050717
4.694338,-0.036846403
4.699337,-0.036643256
4.70434,-0.036440946
4.709339,-0.03624
4.7143383,-0.036040016
4.7193413,-0.03584115
4.7243404,-0.03564333
4.7293425,-0.03544657
4.7343426,-0.03525067
4.7393417,-0.035056055
4.7443438,-0.03486252
4.749344,-0.034669954
4.754345,-0.03447846
4.759345,-0.034287952
4.764345,-0.0340985
4.769346,-0.03390996
4.7743464,-0.03372271
4.7793484,-0.03353621
4.7843475,-0.033351097
4.7893505,-0.033166595
4.7943497,-0.032983426
4.799349,-0.0328012
4.804352,-0.03261989
4.809351,-0.032439645
4.814353,-0.032260403
4.819353,-0.032082096
4.8243523,-0.031904966
4.8293543,-0.031728517
4.8343544,-0.03155322
4.8393555,-0.031378906
4.8443556,-0.031205554
4.8493576,-0.03103334
4.854357,-0.030861843
4.859357,-0.030691665
4.864359,-0.030522086
4.869358,-0.030353617
4.874361,-0.030186206
4.87936,-0.030019585
4.8843594,-0.029854186
4.8893623,-0.029689338
4.8943615,-0.029525708
4.8993635,-0.029362973
4.9043636,-0.029201142
4.909363,-0.029040154
4.914365,-0.028880227
4.919365,-0.028721217
4.924366,-0.02856297
4.929366,-0.028405966
4.934368,-0.028249472
4.9393673,-0.02809409
4.9443674,-0.027939716
4.9493694,-0.027785927
4.9543686,-0.027633175
4.9593716,-0.027481526
4.9643707,-0.0273306
4.96937,-0.027180577
4.974373,-0.027031362
4.979372,-0.026883077
4.984374,-0.026735567
4.989374,-0.026589073
4.994375,-0.026443476
4.9993753,-0.026298568
5.0043755,-0.026154604
5.0093765,-0.026011527
5.0143766,-0.025869427
5.0193787,-0.025727808
5.024378,-0.025587194
5.029378,-0.025447356
5.03438,-0.025308553
5.039379,-0.025170473
5.044382,-0.025033172
5.0493813,-0.024896592
5.0543804,-0.024760973
5.0593834,-0.024626244
5.0643826,-0.024492268
5.0693846,-0.024358923
5.0743847,-0.024226492
5.0793858,-0.024094593
5.084386,-0.023963846
5.089386,-0.023833863
5.094387,-0.023704503
5.099387,-0.023575883
5.104389,-0.023448162
5.1093884,-0.02332102
5.1143885,-0.023194958
5.1193905,-0.023069391
5.1243896,-0.02294472
5.1293926,-0.02282058
5.134392,-0.022697382
5.139394,-0.022574943
5.144394,-0.022453154
5.149393,-0.022332104
5.154395,-0.02221161
5.159395,-0.022092171
5.1643963,-0.021973222
5.1693964,-0.021855067
5.1743965,-0.02173761
5.1793976,-0.021620747
5.1843977,-0.021504771
5.1893997,-0.021389395
5.194399,-0.021274671
5.199399,-0.02116075
5.204401,-0.021047339
5.2094,-0.02093472
5.214403,-0.020822823
5.2194023,-0.020711422
5.2244043,-0.020600718
5.2294044,-0.020490773
5.2344036,-0.02038151
5.2394056,-0.02027271
5.2444057,-0.020164667
5.249407,-0.02005737
5.254407,-0.019950576
5.259407,-0.019844495
5.264408,-0.019738898
5.269408,-0.019634143
5.2744102,-0.019529637
5.2794094,-0.019426182
5.2844124,-0.019323051
5.2894115,-0.019220613
5.2944107,-0.0191188
5.2994137,-0.019017551
5.304413,-0.01891688
5.309415,-0.018816762
5.314415,-0.018717296
5.319414,-0.01861836
5.324416,-0.018519945
5.3294163,-0.018422429
5.3344173,-0.01832519
5.3394175,-0.018228382
5.3444195,-0.018132262
5.3494186,-0.018036734
5.3544188,-0.01794187
5.359421,-0.017847428
5.36442,-0.017753549
5.369423,-0.017660074
5.374422,-0.017567238
5.379421,-0.017474845
5.384424,-0.017383097
5.3894234,-0.017291768
5.3944254,-0.017201118
5.3994255,-0.017110791
5.4044247,-0.017021023
5.4094267,-0.016931733
5.414427,-0.01684295
5.419428,-0.016754724
5.424428,-0.016666986
5.42943,-0.016579531
5.434429,-0.01649258
5.4394293,-0.016406404
5.4444313,-0.016320508
5.4494305,-0.016235098
5.4544334,-0.016150124
5.4594326,-0.016065601
5.464432,-0.015981467
5.4694347,-0.01589774
5.474434,-0.015814696
5.479436,-0.015731877
5.484436,-0.01564974
5.489437,-0.015567854
5.494437,-0.015486323
5.4994373,-0.015405384
5.5044384,-0.015324609
5.5094385,-0.015244618
5.5144405,-0.015164604
5.5194397,-0.015085509
5.52444,-0.015006549
5.529442,-0.014927904
5.534441,-0.014849808
5.539444,-0.014771844
5.544443,-0.014694676
5.5494423,-0.014617519
5.5544453,-0.014540947
5.5594444,-0.014464697
5.5644464,-0.014388613
5.5694466,-0.014313232
5.5744476,-0.014238012
5.5794477,-0.014163288
5.584448,-0.014088827
5.589449,-0.014014575
5.594449,-0.013940973
5.599451,-0.013867581
5.60445,-0.013794525
5.6094503,-0.013721577
5.6144524,-0.013649316
5.6194515,-0.013577211
5.6244545,-0.013505582
5.6294537,-0.013434151
5.6344557,-0.0133629665
5.639456,-0.013292099
5.644455,-0.013221668
5.649457,-0.013151567
5.654457,-0.013081584
5.659458,-0.013012202
5.6644583,-0.012942743
5.6694584,-0.012873872
5.6744595,-0.012805132
5.6794596,-0.012736689
5.6844616,-0.012668705
5.6894608,-0.012600897
5.694461,-0.012533322
5.699463,-0.0124660935
5.704462,-0.0123989545
5.709465,-0.012332197
5.714464,-0.012265608
5.719466,-0.012199517
5.7244663,-0.012133521
5.7294655,-0.012067851
5.7344675,-0.012002422
5.7394676,-0.011937149
5.7444687,-0.011872174
5.749469,-0.011807465
5.754469,-0.011742942
5.75947,-0.011678737
5.76447,-0.011614728
5.769472,-0.011550918
5.7744713,-0.011487434
5.7794743,-0.011424109
5.7844734,-0.011360998
5.7894726,-0.0112980995
5.7944756,-0.011235302
5.7994747,-0.011173012
5.8044767,-0.011110624
5.809477,-0.011048671
5.814476,-0.010986875
5.819478,-0.010925001
5.824478,-0.010863697
5.829479,-0.010802267
5.8344793,-0.010741344
5.8394814,-0.010680497
5.8444805,-0.010619881
5.8494806,-0.010559248
5.8544827,-0.010499053
5.859482,-0.010439022
5.864485,-0.010379031
5.869484,-0.010319192
5.874483,-0.010259739
5.879486,-0.010200044
5.8844852,-0.010141062
5.8894873,-0.010081934
5.8944874,-0.010022834
5.8994865,-0.0099643
5.9044886,-0.009905604
5.9094887,-0.00984735
5.9144897,-0.009789076
5.91949,-0.009730865
5.924492,-0.00967286
5.929491,-0.009614885
5.934491,-0.009557601
5.939493,-0.009499861
5.9444923,-0.009442425
5.9494953,-0.009385284
5.9544945,-0.009328131
5.9594936,-0.009271214
5.9644966,-0.009214297
5.969496,-0.009157652
5.974498,-0.009101266
5.979498,-0.009044869
5.984499,-0.008988488
5.989499,-0.0089324955
5.994499,-0.008876609
5.9995003,-0.008820693
6.0045013,-0.0087648
6.0095024,-0.008709198
6.0145016,-0.008653639
6.0195007,-0.0085982215
6.0245037,-0.008542831
6.029503,-0.008487646
6.034506,-0.008432729
6.039505,-0.0083778
6.044504,-0.008323118
6.049507,-0.008268413
6.0545063,-0.008213714
6.0595093,-0.008159235
6.0645084,-0.00810503
6.0695095,-0.008050807
6.0745087,-0.007996522
6.0795097,-0.007942401
6.084511,-0.00788861
6.089512,-0.007834582
6.094513,-0.0077810227
6.099512,-0.007727495
6.1045113,-0.007673885
6.109514,-0.0076204315
6.1145134,-0.0075670676
6.1195164,-0.0075136805
6.1245155,-0.0074608126
6.1295166,-0.007407511
6.1345177,-0.0073546167
6.139517,-0.0073019583
6.14452,-0.0072492426
6.149519,-0.007196547
6.15452,-0.007143908
6.159519,-0.0070914277
6.1645203,-0.007039201
6.1695213,-0.006986789
6.1745224,-0.0069344933
6.1795235,-0.006882443
6.1845226,-0.0068306485
6.189522,-0.006778667
6.194525,-0.006726781
6.199524,-0.006674939
6.204527,-0.0066234344
6.209526,-0.0065717925
6.214527,-0.006520399
6.219528,-0.0064688358
6.2245274,-0.006417666
6.2295303,-0.0063664634
6.2345295,-0.006315379
6.2395306,-0.006264405
6.2445297,-0.006213302
6.249531,-0.006162552
6.254532,-0.0061118063
6.259533,-0.006061154
6.264534,-0.006010624
6.269533,-0.0059600016
6.274536,-0.005909672
6.2795353,-0.0058594053
6.2845345,-0.0058092163
6.2895374,-0.005758892
6.2945366,-0.005708949
6.2995377,-0.0056588687
6.3045387,-0.0056088944
6.309538,-0.0055593457
6.314541,-0.0055096378
6.31954,-0.0054600392
6.324541,-0.005410452
6.3295403,-0.0053609684
6.3345413,-0.0053118924
6.3395424,-0.005262423
6.3445435,-0.005213341
6.3495445,-0.0051643746
6.3545437,-0.005115299
6.3595467,-0.005066594
6.364546,-0.005017754
6.369545,-0.00496908
6.374548,-0.0049204086
6.379547,-0.004872097
6.384548,-0.004823411
6.3895493,-0.0047753872
6.3945484,-0.0047270185
6.3995514,-0.004678997
6.4045506,-0.004630873
6.4095516,-0.004583155
6.414551,-0.004535311
6.4195538,-0.004487618
6.424553,-0.004440062
6.429554,-0.004392576
6.434555,-0.0043451693
6.439554,-0.0042979443
6.444557,-0.004250833
6.4495564,-0.0042036665
6.4545555,-0.0041568624
6.4595585,-0.0041097444
6.4645576,-0.004063135
6.4695587,-0.00401644
6.47456,-0.0039698905
6.479559,-0.003923387
6.484562,-0.003877272
6.489561,-0.0038310946
6.494562,-0.0037850412
6.4995613,-0.0037389481
6.5045643,-0.0036931117
6.5095634,-0.0036474466
6.5145645,-0.0036019376
6.5195656,-0.003556259
6.5245647,-0.0035109576
6.5295677,-0.003465618
6.534567,-0.003420541
6.539566,-0.0033756527
6.544569,-0.0033306954
6.549568,-0.0032861289
6.5545692,-0.00324131
6.5595703,-0.0031969845
6.5645714,-0.0031526093
6.5695724,-0.0031084279
6.5745716,-0.0030643176
6.5795727,-0.003020255
6.584572,-0.0029763915
6.589575,-0.0029326961
6.594574,-0.0028890944
6.599575,-0.0028458773
6.604576,-0.002802414
6.6095753,-0.002759248
6.6145782,-0.0027162894
6.6195774,-0.0026735025
6.6245804,-0.0026307963
6.6295795,-0.0025881953
6.6345787,-0.0025458066
6.63958,-0.0025035613
6.644581,-0.002461432
6.649582,-0.0024195067
6.654583,-0.00237758
6.659582,-0.0023359582
6.664583,-0.0022944203
6.6695824,-0.0022530928
6.6745853,-0.0022117696
6.6795845,-0.0021707593
6.6845856,-0.0021298523
6.6895866,-0.0020891405
6.694586,-0.0020486363
6.699589,-0.00200808
6.704588,-0.0019678236
6.709591,-0.0019279444
6.71459,-0.0018879226
6.719589,-0.0018482073
6.7245903,-0.0018085949
6.7295914,-0.0017692219
6.7345924,-0.0017300548
6.7395935,-0.0016908557
6.7445927,-0.0016519623
6.7495937,-0.0016134228
6.754593,-0.0015747873
6.759596,-0.0015364606
6.764595,-0.0014982664
6.769598,-0.0014602048
6.774597,-0.0014225531
6.7795963,-0.0013847908
6.7845993,-0.0013473204
6.7895985,-0.0013100274
6.7946014,-0.0012730062
6.7996006,-0.0012360765
6.8046,-0.0011994008
6.809601,-0.0011628461
6.814602,-0.0011264563
6.819603,-0.0010904211
6.824604,-0.0010544907
6.829603,-0.0010187321
6.8346043,-0.0009831365
6.8396034,-0.00094770687
6.8446064,-0.00091256807
6.8496056,-0.0008776572
6.8546085,-0.0008428504
6.8596077,-0.0008082418
6.864607,-0.0007739174
6.86961,-0.00073964405
6.874609,-0.0007057246
6.879612,-0.0006720356
6.884611,-0.00063841604
6.8896103,-0.0006051187
6.8946114,-0.00057186256
6.8996124,-0.00053891377
6.9046135,-0.0005062907
6.9096146,-0.00047370815
6.9146156,-0.00044141174
6.919615,-0.00040932256
6.924614,-0.0003774166
6.929617,-0.00034569995
6.934616,-0.0003142287
6.939619,-0.0002829861
6.944618,-0.00025195582
6.9496174,-0.00022112764
6.9546204,-0.00019047991
6.9596195,-0.00016012299
6.9646225,-0.0001298883
6.9696217,-9.997096e-05
6.974621,-7.023476e-05
6.979622,-4.0684827e-05
6.984623,-1.1425698e-05
6.989624,1.7653685e-05
6.994625,4.6546338e-05
6.999626,7.520546e-05
7.0046253,0.00010353653
7.0096245,0.00013175257
7.0146275,0.00015970878
7.0196266,0.00018749363
7.0246296,0.00021502352
7.0296288,0.0002423278
7.034628,0.00026936526
7.039631,0.00029625115
7.04463,0.0003228283
7.049633,0.0003492292
7.054632,0.00037541124
7.0596333,0.00040135602
7.0646324,0.00042706146
7.0696335,0.00045256573
7.0746346,0.00047782017
7.0796356,0.00050285575
7.0846367,0.0005276592
7.089636,0.0005522424
7.094635,0.00057658367
7.099638,0.000600704
7.104637,0.00062462315
7.10964,0.0006482883
7.1146393,0.0006717171
7.1196404,0.00069494266
7.1246414,0.0007179205
7.1296406,0.00074067153
7.1346436,0.0007632051
7.1396427,0.0007854982
7.144644,0.00080756703
7.149643,0.0008294091
7.154644,0.0008510258
7.159645,0.00087242643
7.164646,0.00089356606
7.169647,0.00091450545
7.1746464,0.0009352062
7.1796455,0.00095570553
7.1846485,0.00097595784
7.1896477,0.0009959936
7.1946507,0.0010158014
7.19965,0.0010353809
7.204651,0.0010547359
7.209652,0.0010738529
7.214651,0.0010927361
7.219654,0.0011114334
7.2246532,0.0011299038
7.2296543,0.0011481496
7.2346535,0.0011661928
7.2396545,0.0011839641
7.2446556,0.0012015344
7.2496567,0.0012189157
7.2546577,0.0012360108
7.259657,0.0012529257
7.26466,0.001269642
7.269659,0.0012861097
7.274658,0.0013023487
7.279661,0.001318454
7.2846603,0.0013342453
7.2896614,0.0013498825
7.2946625,0.001365235
7.2996616,0.001380462
7.3046646,0.0013954384
7.309664,0.001410269
7.314665,0.0014248033
7.319664,0.0014392026
7.324665,0.0014532823
7.329666,0.001467239
7.334667,0.0014809696
7.3396683,0.0014944983
7.3446674,0.0015078016
7.3496704,0.0015208807
7.3546696,0.0015338565
7.3596687,0.0015465044
7.3646717,0.0015590508
7.369671,0.0015714383
7.374672,0.00158357
7.379673,0.0015954839
7.384672,0.001607173
7.389675,0.0016187975
7.3946743,0.001630073
7.3996754,0.0016412768
7.4046745,0.0016522746
7.4096775,0.0016629347
7.4146767,0.0016736559
7.4196777,0.0016840425
7.424679,0.0016942241
7.429678,0.0017042087
7.434681,0.0017141324
7.43968,0.0017237165
7.4446793,0.0017332488
7.449682,0.0017425865
7.4546814,0.0017518038
7.4596825,0.0017607631
7.4646835,0.0017696723
7.4696827,0.0017782408
7.4746857,0.0017866386
7.479685,0.0017949834
7.484686,0.0018031588
7.489685,0.0018111456
7.494688,0.001818781
7.499687,0.0018265744
7.5046883,0.0018340168
7.5096893,0.0018412839
7.5146885,0.0018485467
7.5196915,0.0018554685
7.5246906,0.0018623861
7.52969,0.0018689453
7.534693,0.001875534
7.539692,0.0018819363
7.544693,0.0018881756
7.549694,0.0018944434
7.554695,0.0019004537
7.559696,0.001906199
7.5646954,0.0019119817
7.5696964,0.0019176122
7.5746956,0.0019228833
7.5796986,0.0019281945
7.5846977,0.0019333545
7.589699,0.0019383642
7.5947,0.0019432243
7.599699,0.0019481461
7.604702,0.0019527094
7.609701,0.001957121
7.6147003,0.001961607
7.6197033,0.0019659568
7.6247025,0.0019701642
7.6297035,0.00197401
7.6347046,0.0019779424
7.6397057,0.0019817434
7.6447067,0.001985633
7.649706,0.0019891688
7.654707,0.0019925677
7.659706,0.001996074
7.664709,0.0019992269
7.6697083,0.0020024823
7.6747093,0.002005618
7.6797104,0.0020087631
7.6847095,0.0020116565
7.6897125,0.0020144442
7.6947117,0.0020171097
7.6997147,0.0020196596
7.704714,0.002022354
7.709713,0.0020246813
7.714714,0.0020268953
7.719715,0.0020292634
7.724716,0.0020315372
7.7297173,0.0020336912
7.7347164,0.0020357522
7.7397175,0.0020377098
7.7447166,0.0020395669
7.7497196,0.0020413408
7.754719,0.0020430032
7.75972,0.0020445746
7.764721,0.0020463308
7.76972,0.0020477176
7.774723,0.0020493004
7.779722,0.0020507928
7.784725,0.0020519136
7.7897243,0.002053238
7.7947235,0.0020544762
7.7997246,0.0020556308
7.8047256,0.002056709
7.8097267,0.002057716
7.814728,0.0020589314
7.819727,0.0020597752
7.824728,0.0020605456
7.829727,0.0020615475
7.83473,0.0020624786
7.8397293,0.0020630353
7.8447323,0.0020638271
7.8497314,0.002064708
7.8547306,0.0020653645
7.8597336,0.0020659592
7.8647327,0.0020664898
7.8697357,0.002066957
7.874735,0.0020673648
7.879734,0.002068029
7.884735,0.0020683166
7.889736,0.0020685415
7.8947372,0.0020690395
7.8997383,0.00206948
7.9047394,0.0020695364
7.9097385,0.0020698665
7.9147377,0.002070146
7.9197407,0.0020703694
7.92474,0.0020705431
7.929743,0.0020706737
7.934742,0.0020707422
7.939741,0.0020707627
7.944744,0.0020707399
7.9497433,0.002071017
7.9547462,0.0020708947
7.9597454,0.0020710733
7.9647446,0.0020708563
7.9697456,0.0020709515
7.9747467,0.0020706377
7.979748,0.0020706423
7.984749,0.002070602
7.98975,0.0020705168
7.994749,0.0020703874
7.999748,0.0020702176
8.004751,0.0020700025
8.00975,0.0020697447
8.014753,0.0020694453
8.0197525,0.0020694768
8.024752,0.0020690903
8.029755,0.0020690416
8.034754,0.0020685627
8.039757,0.0020684393
8.044756,0.0020678744
8.049757,0.0020676614
8.054756,0.0020674034
8.059757,0.0020671028
8.064758,0.00206636
8.069759,0.0020659731
8.07476,0.002065545
8.07976,0.0020650718
8.084759,0.0020649624
8.089762,0.002064401
8.094761,0.0020637903
8.099764,0.0020631363
8.104763,0.002063057
8.109762,0.0020623107
8.114765,0.002061938
8.119764,0.0020610911
8.124767,0.002060624
8.129766,0.0020601058
8.134768,0.002059112
8.139767,0.0020584937
8.144768,0.0020578327
8.149769,0.0020571144
8.15477,0.0020563477
8.159771,0.0020555283
8.16477,0.0020546538
8.169769,0.0020537192
8.174772,0.0020527367
8.179771,0.0020521428
8.184774,0.0020510445
8.189774,0.0020498815
8.194775,0.0020491213
8.199776,0.0020478405
8.204775,0.0020469641
8.209778,0.002046028
8.214777,0.002044556
8.219778,0.0020434938
8.224777,0.002042366
8.229778,0.002041174
8.234779,0.0020394388
8.23978,0.0020381159
8.2447815,0.0020367196
8.249781,0.002035257
8.25478,0.002034211
8.259783,0.002032607
8.264782,0.0020309328
8.269785,0.0020291805
8.274784,0.0020278532
8.279785,0.0020259544
8.284786,0.0020239765
8.289785,0.0020224245
8.294788,0.0020202948
8.2997875,0.002018588
8.304789,0.0020168107
8.309788,0.002014436
8.314789,0.002012494
8.31979,0.0020104733
8.324791,0.0020083718
8.329792,0.0020061866
8.334791,0.0020039193
8.339794,0.002001567
8.344793,0.0019991312
8.3497925,0.001996607
8.354795,0.0019939987
8.359795,0.0019913032
8.364796,0.00198852
8.369797,0.0019861879
8.374796,0.0019832246
8.379799,0.0019801818
8.384798,0.0019775848
8.389799,0.0019743599
8.394798,0.0019715913
8.399801,0.001968739
8.4048,0.001965237
8.4098015,0.0019622096
8.414803,0.0019590862
8.419802,0.0019558778
8.424805,0.0019520138
8.429804,0.0019486244
8.434803,0.0019451453
8.439806,0.0019415785
8.444805,0.0019379219
8.449806,0.0019341758
8.454807,0.0019303429
8.459806,0.0019269974
8.464809,0.0019229895
8.469809,0.0019188923
8.47481,0.0019152907
8.479809,0.0019110184
8.484812,0.0019066606
8.489811,0.0019028068
8.494812,0.0018982796
8.499813,0.0018942563
8.504812,0.0018895603
8.509815,0.0018853751
8.514814,0.0018811116
8.519814,0.0018767703
8.5248165,0.001871747
8.529816,0.001867247
8.534817,0.00186267
8.539818,0.001858018
8.544819,0.0018532954
8.54982,0.0018484935
8.554819,0.0018436208
8.55982,0.0018386774
8.564819,0.0018336611
8.569822,0.0018285792
8.574821,0.0018240479
8.579823,0.0018188308
8.584824,0.0018135495
8.589823,0.0018082014
8.594826,0.0018034205
8.599825,0.0017979527
8.604824,0.0017930499
8.609827,0.0017874676
8.614826,0.0017824564
8.619827,0.0017767609
8.624828,0.0017716448
8.629829,0.0017664792
8.63483,0.0017606268
8.63983,0.001755364
8.644831,0.0017500545
8.64983,0.0017450227
8.654833,0.0017396266
8.659832,0.0017341936
8.664833,0.0017287207
8.669834,0.0017232066
8.674833,0.0017176599
8.679836,0.0017120745
8.684835,0.0017064593
8.689838,0.0017008086
8.694838,0.0016951303
8.699837,0.0016894212
8.704838,0.0016836841
8.709839,0.0016785772
8.71484,0.0016727906
8.719841,0.0016669792
8.72484,0.0016618066
8.729841,0.0016559554
8.73484,0.0016507464
8.739843,0.0016448555
8.744843,0.001639616
8.749844,0.0016336942
8.754845,0.0016284245
8.759844,0.0016224759
8.764847,0.001617186
8.769846,0.0016118839
8.774849,0.0016058985
8.779848,0.0016005812
8.784847,0.0015952579
8.789848,0.001589926
8.794849,0.0015845903
8.79985,0.0015785685
8.804852,0.001573222
8.809851,0.0015678746
8.814852,0.0015625232
8.819851,0.0015571695
8.824854,0.0015518153
8.829853,0.0015464575
8.834856,0.0015410981
8.839855,0.0015357388
8.844854,0.0015310724
8.849857,0.0015257112
8.8548565,0.0015203519
8.859859,0.001514993
8.864859,0.0015096309
8.869858,0.001504969
8.874859,0.0014996072
8.87986,0.001494247
8.884861,0.0014895863
8.889862,0.0014842227
8.894861,0.0014788567
8.899862,0.0014741924
8.904861,0.0014688253
8.909864,0.0014641598
8.914864,0.0014587829
8.919867,0.0014541135
8.924866,0.0014487259
8.929865,0.0014440505
8.934868,0.0014386505
8.939867,0.0014339585
8.94487,0.0014292632
8.949869,0.0014238389
8.954868,0.0014191256
8.959869,0.0014143978
8.96487,0.0014089383
8.9698715,0.0014041911
8.974873,0.0013994292
8.979874,0.0013946526
8.984873,0.001389861
8.989872,0.0013843231
8.994875,0.0013794929
8.999874,0.0013746468
9.004877,0.0013697759
9.009876,0.0013648861
9.014875,0.0013599707
9.019878,0.0013550296
9.024878,0.001350063
9.029881,0.0013450666
9.03488,0.0013400434
9.039879,0.0013349878
9.04488,0.0013298994
9.049881,0.0013247783
9.054882,0.0013196215
9.059883,0.001314428
9.064884,0.0013099477
9.069883,0.0013046782
9.0748825,0.0012993685
9.0798855,0.001294016
9.084885,0.001288622
9.089888,0.0012839389
9.094887,0.0012784549
9.099886,0.001272923
9.104889,0.0012681031
9.109888,0.0012624774
9.114891,0.0012568015
9.11989,0.0012518349
9.124891,0.001246055
9.12989,0.001240222
9.1348915,0.0012351035
9.139893,0.0012291642
9.144894,0.001223937
9.149895,0.0012178873
9.154894,0.001212552
9.159893,0.0012063946
9.164896,0.0012009426
9.169895,0.0011946722
9.174898,0.0011891095
9.179897,0.0011834927
9.184898,0.0011770512
9.189899,0.0011713197
9.194899,0.0011655324
9.199902,0.0011589221
9.204901,0.0011530248
9.209902,0.0011470702
9.214901,0.0011402935
9.219902,0.0011342322
9.224903,0.0011281158
9.229904,0.0011219503
9.234905,0.001115731
9.239904,0.0011094623
9.244904,0.0011023821
9.249907,0.0010960178
9.254906,0.0010896082
9.259909,0.0010831532
9.264908,0.0010766545
9.269909,0.0010701161
9.27491,0.0010635399
9.279909,0.0010569273
9.284912,0.0010502784
9.289911,0.0010435996
9.294912,0.0010368896
9.2999115,0.0010309033
9.304913,0.0010241425
9.309914,0.0010173587
9.314915,0.0010105605
9.319916,0.0010037455
9.324915,0.0009969212
9.329918,0.000990819
9.334917,0.0009839794
9.339916,0.0009771425
9.344919,0.00097103073
9.349918,0.0009641979
9.354919,0.0009573781
9.3599205,0.0009512883
9.36492,0.0009445018
9.369923,0.0009377384
9.374922,0.0009317128
9.379923,0.0009250105
9.384922,0.0009190463
9.389923,0.0009124255
9.394924,0.00090654206
9.399925,0.00090070744
9.404926,0.0008942403
9.409925,0.00088851823
9.414928,0.000882185
9.419928,0.0008765989
9.424927,0.00087108556
9.42993,0.00086498953
9.434929,0.0008596442
9.43993,0.0008543888
9.444931,0.0008485862
9.44993,0.00084353634
9.454933,0.00083859137
9.459932,0.0008337639
9.464933,0.0008290537
9.469933,0.0008244733
9.474936,0.0008194133
9.479935,0.000815109
9.484936,0.00081094966
9.489937,0.00080694
9.494936,0.00080308603
9.499939,0.00079939625
9.504938,0.00079587474
9.509937,0.00079252874
9.51494,0.00078936166
9.519939,0.00078638084
9.5249405,0.00078358676
9.529942,0.0007809923
9.534941,0.0007785997
9.539944,0.0007764097
9.544943,0.00077493815
9.549944,0.0007731664
9.554943,0.0007716112
9.559946,0.0007702773
9.564945,0.0007691675
9.569946,0.0007682834
9.574947,0.0007680871
9.5799465,0.00076765456
9.5849495,0.0007674519
9.589949,0.00076748314
9.594948,0.00076816394
9.599951,0.0007686475
9.60495,0.0007693608
9.609951,0.0007703
9.614952,0.00077184115
9.619953,0.0007732147
9.624954,0.0007748018
9.629953,0.0007769431
9.634954,0.0007789332
9.639954,0.00078111637
9.644957,0.00078379747
9.649956,0.0007863323
9.654957,0.00078932225
9.659958,0.00079216715
9.664957,0.0007951528
9.66996,0.00079852156
9.674959,0.0008017345
9.679962,0.0008052785
9.684961,0.00080865726
9.6899605,0.0008120996
9.694962,0.00081578235
9.699963,0.0008192768
9.704964,0.0008229503
9.709965,0.0008264206
9.714964,0.0008299971
9.719965,0.0008333541
9.724964,0.00083674665
9.729967,0.00083989394
9.734966,0.00084300776
9.739967,0.0008458544
9.744968,0.00084859564
9.749968,0.00085104373
9.754971,0.00085331284
9.75997,0.0008552653
9.764973,0.0008569723
9.769972,0.0008583389
9.774971,0.00085939147
9.779972,0.00086008274
9.784973,0.000860405
9.789974,0.0008603238
9.794975,0.0008598614
9.799974,0.000858941
9.8049755,0.0008575723
9.809975,0.0008558105
9.814978,0.00085352536
9.819977,0.0008507664
9.82498,0.0008476079
9.829979,0.00084388396
9.834978,0.00083966914
9.839981,0.00083506596
9.84498,0.000829878
9.849983,0.00082419766
9.854982,0.0008180409
9.859982,0.00081140775
9.864983,0.00080444675
9.869984,0.0007968976
9.874985,0.0007889047
9.879986,0.0007804904
9.884985,0.0007716622
9.889986,0.00076243246
9.894985,0.0007528326
9.899988,0.00074287015
9.904987,0.0007325761
9.90999,0.00072196
9.914989,0.0007110536
9.919989,0.0006998738
9.924992,0.000688439
9.929991,0.0006767862
9.934994,0.0006649221
9.939993,0.00065271684
9.944992,0.0006405207
9.949993,0.0006281879
9.954994,0.0006157447
9.959995,0.00060304685
9.964996,0.00059044943
9.969997,0.0005778013
9.974997,0.0005649699
9.979996,0.000552293
9.984999,0.000539463
9.989998,0.0005268324
9.995001,0.00051408756
10.0,0.00050156977
